Date,BirdID,Group,Season,AgeMeasD,Sex,NestID,GrpSizeAD,GrpSizeTotal,PairTenure,BroodSize,NoMales,BroodSexRatio,Mass,SurvInd,SurvPeriod,SurvMassAtInd,Surv1Yr,Surv1Mass,MeanTmaxInc,MeanTmaxBrood,MeanTmaxInd,MeanTminInc,MeanTminBrood,MeanTmin90,MeanTvarInc,MeanTvarBrood,MeanTvar90,HWaveInc,NoHotDaysInc,PropHotDaysInc,HWaveBr,NoHotDaysBr,PropHotDaysBr,NoHotDays90,PropHotDays90,RainTwoMonthsPrior,Rain90,Drought
03-Oct-05,MLYG,HAR,C,11,F,HARN1C,6,6,0,3,1,0.333333333,43.9,1,90,,0,,33.94666667,28.35,33.72857143,13.06666667,9.10625,16.27802198,20.88,19.24375,17.45054945,0,1,0.071428571,0,0,0,36,0.4,0.2,32.6,0
03-Oct-05,PMPT,HAR,C,11,F,HARN1C,6,6,0,3,1,0.333333333,41.3,1,90,75,1,73.4,33.94666667,28.35,33.72857143,13.06666667,9.10625,16.27802198,20.88,19.24375,17.45054945,0,1,0.071428571,0,0,0,36,0.4,0.2,32.6,0
04-Oct-05,WRMG,XHO,C,13,F,XHON1C,6,8,0,2,1,0.5,51.1,1,90,,1,,33.67333333,28.71875,33.71208791,12.59333333,8.91875,16.15494505,21.08,19.8,17.55714286,0,1,0.071428571,0,0,0,36,0.4,0.2,31.6,0
04-Oct-05,RMPR,XHO,C,13,M,XHON1C,6,8,0,2,1,0.5,45.4,1,90,,1,,33.67333333,28.71875,33.71208791,12.59333333,8.91875,16.15494505,21.08,19.8,17.55714286,0,1,0.071428571,0,0,0,36,0.4,0.2,31.6,0
12-Oct-05,PPRM,TPT,C,11,F,TPTN1C,7,7,1,3,1,0.333333333,42.5,1,90,,1,74.9,29.75714286,30.78888889,33.97582418,9.564285714,12.94444444,17.07802198,20.19285714,17.84444444,16.8978022,0,1,0.076923077,0,1,0.058823529,40,0.444444444,0.2,58.9,0
12-Oct-05,TRMP,TPT,C,11,F,TPTN1C,7,7,1,3,1,0.333333333,42.9,1,90,69,1,71.8,29.75714286,30.78888889,33.97582418,9.564285714,12.94444444,17.07802198,20.19285714,17.84444444,16.8978022,0,1,0.076923077,0,1,0.058823529,40,0.444444444,0.2,58.9,0
12-Oct-05,LMBW,TPT,C,11,M,TPTN1C,7,7,1,3,1,0.333333333,44.2,1,90,64,1,70.6,29.75714286,30.78888889,33.97582418,9.564285714,12.94444444,17.07802198,20.19285714,17.84444444,16.8978022,0,1,0.076923077,0,1,0.058823529,40,0.444444444,0.2,58.9,0
15-Oct-05,BGPM,OSD,C,11,F,OSDN1C,6,6,2,3,2,0.666666667,41.2,1,90,72.8,1,75.4,28.5,31.35882353,34.11538462,9.066666667,13.39411765,17.33736264,19.43333333,17.96470588,16.77802198,0,0,0,0,1,0.0625,42,0.466666667,0.2,58.9,0
15-Oct-05,MBBR,OSD,C,11,M,OSDN1C,6,6,2,3,2,0.666666667,36.8,1,90,75.4,0,,28.5,31.35882353,34.11538462,9.066666667,13.39411765,17.33736264,19.43333333,17.96470588,16.77802198,0,0,0,0,1,0.0625,42,0.466666667,0.2,58.9,0
15-Oct-05,PTMR,OSD,C,11,M,OSDN1C,6,6,2,3,2,0.666666667,47.2,0,19,,0,,28.5,31.35882353,34.11538462,9.066666667,13.39411765,17.33736264,19.43333333,17.96470588,16.77802198,0,0,0,0,1,0.0625,42,0.2,0.2,2.6,0
22-Oct-05,GRMY,AQA,C,11,F,AQAN1C,4,4,,2,0,0,36.1,1,90,,1,,30.11428571,32.1,34.31538462,10.15,14.16470588,18.12967033,19.96428571,17.93529412,16.18571429,0,1,0.076923077,0,2,0.125,45,0.5,0.2,59.7,0
22-Oct-05,PRMR,AQA,C,11,F,AQAN1C,4,4,,2,0,0,41,0,8,,0,,30.11428571,32.1,31,10.15,14.16470588,18.12967033,19.96428571,17.93529412,16.18571429,0,1,0.076923077,0,2,0.125,45,0.222222222,0.2,2,0
09-Nov-05,GMGY,BAL,C,11,F,BALN2C,3,3,0,2,1,0.5,36.1,1,90,,0,,32.20714286,30.3125,34.60769231,13.89285714,13.89375,19.23846154,18.31428571,16.41875,15.36923077,0,2,0.153846154,0,2,0.133333333,46,0.511111111,0.2,70.9,0
09-Nov-05,PYPM,BAL,C,11,M,BALN2C,3,3,0,2,1,0.5,43.4,1,90,72,0,,32.20714286,30.3125,34.60769231,13.89285714,13.89375,19.23846154,18.31428571,16.41875,15.36923077,0,2,0.153846154,0,2,0.133333333,46,0.511111111,0.2,70.9,0
28-Nov-05,LLMO,BAB,C,11,F,BABN3C,3,3,0,2,1,0.5,28.9,0,11,,0,,30.31333333,35.52666667,35.43,12.84,18.96,19.68901099,17.47333333,16.56666667,14.41758242,1,3,0.214285714,1,10,0.714285714,37,0.5,3,0,0
28-Nov-05,CTMP,BAB,C,11,M,BABN3C,3,3,0,2,1,0.5,34.8,0,11,,0,,30.31333333,35.52666667,35.43,12.84,18.96,19.68901099,17.47333333,16.56666667,14.41758242,1,3,0.214285714,1,10,0.714285714,37,0.5,3,0,0
12-Dec-05,MOBY,OSD,C,11,F,OSDN2C,6,8,2,2,1,0.5,38.5,1,90,71.2,0,,35.52666667,35.75,32.9989011,18.96,17.11666667,19.61098901,16.56666667,18.63333333,13.38791209,1,10,0.714285714,1,11,0.647058824,27,0.3,8.2,145.7,0
12-Dec-05,WGML,OSD,C,11,M,OSDN2C,6,8,2,2,1,0.5,39.8,1,90,71.16,1,72.8,35.52666667,35.75,32.9989011,18.96,17.11666667,19.61098901,16.56666667,18.63333333,13.38791209,1,10,0.714285714,1,11,0.647058824,27,0.3,8.2,145.7,0
19-Dec-05,MXWB,AQA,C,11,M,AQAN2C,4,4,,1,1,1,23,0,17,,0,,34.72666667,35.9625,34.6666,18.63333333,15.975,19.7989011,16.09333333,19.9875,12.98241758,1,6,0.428571429,1,10,0.666666667,25,0.388888889,8.4,45.4,0
23-Dec-05,TYTM,RNB,C,11,F,RNBN3C,3,3,0,2,1,0.5,26.2,0,90,,0,,34.93333333,32.363,32.36263736,17.71333333,16.25,19.6021978,17.22,20.675,12.76043956,1,6,0.428571429,1,13,0.866666667,21,0.2333,8.6,145.9,0
23-Dec-05,MOGL,RNB,C,11,M,RNBN3C,3,3,0,2,1,0.5,36.4,1,90,75,1,76,34.93333333,36.925,32.36263736,17.71333333,16.25,19.6021978,17.22,20.675,12.76043956,1,6,0.428571429,1,13,0.866666667,21,0.233333333,8.6,145.9,0
24-Dec-05,OMRY,SOX,C,10,F,SOXN3C,3,3,1,3,1,0.333333333,31.5,1,90,70.6,1,70.9,35.62666667,36.94666667,32.20989011,17.62666667,16.73333333,19.62087912,18,20.21333333,12.58901099,1,8,0.571428571,1,12,0.857142857,20,0.222222222,8.6,146.1,0
09-Feb-06,BLMY,OSD,C,11,F,OSDN3C,6,10,2,3,1,0.333333333,38.5,1,90,60,1,69.6,35.09333333,32.10625,28.7,22.34666667,20.125,14.15604396,12.74666667,11.98125,14.54395604,1,9,0.642857143,0,3,0.2,3,0.033333333,50.9,114.2,0
09-Feb-06,RMRR,TPT,C,11,F,TPTN3C,6,9,1,3,1,0.333333333,43.6,1,90,66.2,1,,35.14117647,32.10625,28.7,22.42352941,20.125,14.15604396,12.71764706,11.98125,14.54395604,1,10,0.625,0,3,0.2,3,0.033333333,50.9,114.2,0
09-Feb-06,MCCY,TPT,C,11,F,TPTN3C,6,9,1,3,1,0.333333333,39.7,1,90,68,1,69.1,35.14117647,32.10625,28.7,22.42352941,20.125,14.15604396,12.71764706,11.98125,14.54395604,1,10,0.625,0,3,0.2,3,0.033333333,50.9,114.2,0
09-Feb-06,PLMG,OSD,C,11,M,OSDN3C,6,10,2,3,1,0.333333333,38.5,1,90,74.1,1,,35.09333333,32.10625,28.7,22.34666667,20.125,14.15604396,12.74666667,11.98125,14.54395604,1,9,0.642857143,0,3,0.2,3,0.033333333,50.9,114.2,0
09-Feb-06,BOMB,TPT,C,11,M,TPTN3C,6,9,1,3,1,0.333333333,43.5,1,90,70.5,1,72.5,35.14117647,32.10625,28.7,22.42352941,20.125,14.15604396,12.71764706,11.98125,14.54395604,1,10,0.625,0,3,0.2,3,0.033333333,50.9,114.2,0
09-Feb-06,CRYM,OSD,C,11,F,OSDN3C,6,10,2,3,1,0.333333333,38.3,0,30,,0,,35.09333333,32.10625,30.9516,22.34666667,20.125,14.15604396,12.74666667,11.98125,14.54395604,1,9,0.642857143,0,3,0.2,3,0.064516129,50.9,75.8,0
11-Feb-06,TMTB,HOG,C,11,F,HOGN4C,4,6,1,3,1,0.333333333,43.2,1,90,69.4,1,70..9,34.89333333,31.99333333,28.63296703,21.85333333,20.41333333,14.04615385,13.04,11.58,14.58681319,1,8,0.571428571,0,2,0.142857143,3,0.033333333,50.9,114.2,0
11-Feb-06,MRTL,HOG,C,11,M,HOGN4C,4,6,1,3,1,0.333333333,40.1,1,90,72.3,1,76.4,34.89333333,31.99333333,28.63296703,21.85333333,20.41333333,14.04615385,13.04,11.58,14.58681319,1,8,0.571428571,0,2,0.142857143,3,0.033333333,50.9,114.2,0
11-Feb-06,BTCM,HOG,C,11,F,HOGN4C,4,6,1,3,1,0.333333333,44.7,0,30,,0,,34.89333333,31.99333333,30.8677,21.85333333,20.41333333,14.04615385,13.04,11.58,14.58681319,1,8,0.571428571,0,2,0.142857143,3,0.064516129,50.9,76,0
11-Feb-06,BOWM,BAB,C,10,F,BABN4C,3,3,0,4,0,0,34.1,1,90,70.85,1,,34.66666667,32.06,28.5032967,21.64666667,20.47333333,13.88681319,13.02,11.58666667,14.61648352,1,7,0.5,0,2,0.142857143,3,0.033333333,50.9,114.2,0
11-Feb-06,CMBL,BAB,C,10,F,BABN4C,3,3,0,4,0,0,30.7,1,90,70.9,1,,34.66666667,32.06,28.5032967,21.64666667,20.47333333,13.88681319,13.02,11.58666667,14.61648352,1,7,0.5,0,2,0.142857143,3,0.033333333,50.9,114.2,0
11-Feb-06,PLMP,BAB,C,10,F,BABN4C,3,3,0,4,0,0,36.9,0,7,,0,,34.66666667,32.06,33.94444,21.64666667,20.47333333,13.88681319,13.02,11.58666667,14.61648352,1,7,0.5,0,2,0.142857143,3,0.222222222,50.9,35.4,0
11-Feb-06,XYMX,BAB,C,10,F,BABN4C,3,3,0,4,0,0,26.3,0,53,,0,,34.66666667,32.06,30.522222,21.64666667,20.47333333,13.88681319,13.02,11.58666667,14.61648352,1,7,0.5,0,2,0.142857143,3,0.055555556,50.9,78.4,0
17-Feb-06,MCBT,SHA,C,11,F,SHAN1C,3,3,,3,1,0.333333333,38.5,1,90,,0,,32.21333333,33.05,27.29230769,20.82,20.775,12.68461538,11.39333333,12.275,14.60769231,0,5,0.357142857,0,2,0.133333333,1,0.011111111,50.9,125,0
17-Feb-06,TMYG,SHA,C,11,F,SHAN1C,3,3,,3,1,0.333333333,27,0,24,,0,,32.21333333,33.05,29.82,20.82,20.775,12.68461538,11.39333333,12.275,14.60769231,0,5,0.357142857,0,2,0.133333333,1,0,50.9,75.8,0
17-Feb-06,CYMY,SHA,C,11,M,SHAN1C,3,3,,3,1,0.333333333,38.4,0,24,,0,,32.21333333,33.05,29.82,20.82,20.775,12.68461538,11.39333333,12.275,14.60769231,0,5,0.357142857,0,2,0.133333333,1,0,50.9,75.8,0
18-Feb-06,RMPL,RNB,C,10,F,RNBN4C,3,4,0,3,2,0.666666667,39.3,1,90,72.4,1,79,31.51875,33.16666667,26.94505495,20.49375,20.66666667,11.82857143,11.025,12.5,15.11648352,0,4,0.266666667,0,2,0.117647059,1,0.011111111,50.7,79,0
18-Feb-06,BOTM,RNB,C,10,M,RNBN4C,3,4,0,3,2,0.666666667,39,1,90,74,,,31.51875,33.16666667,26.94505495,20.49375,20.66666667,11.82857143,11.025,12.5,15.11648352,0,4,0.266666667,0,2,0.117647059,1,0.011111111,50.7,79,0
18-Feb-06,MOPT,RNB,C,10,M,RNBN4C,3,4,0,3,2,0.666666667,31.6,1,90,72.3,0,,31.51875,33.16666667,26.94505495,20.49375,20.66666667,11.82857143,11.025,12.5,15.11648352,0,4,0.266666667,0,2,0.117647059,1,0.011111111,50.7,79,0
18-Feb-06,BMBO,BAL,C,11,F,BALN3C,2,4,0,2,0,0,38,1,90,,1,,31.46,33.28235294,27.03186813,20.61333333,20.68823529,12.24835165,10.84666667,12.59411765,14.78351648,0,4,0.285714286,0,2,0.125,1,0.011111111,50.7,89.8,0
18-Feb-06,MYGT,BAL,C,11,F,BALN3C,2,4,0,2,0,0,30,0,50,,0,,31.46,33.28235294,29.9922,20.61333333,20.68823529,12.24835165,10.84666667,12.59411765,14.78351648,0,4,0.285714286,0,2,0.125,1,0.019607843,50.7,48.6,0
03-Mar-06,POMY,SOX,C,13,F,SOXN4C,3,4,1,3,2,0.666666667,44,1,90,,1,,32.41333333,30.80555556,26.57802198,20.38666667,17.58333333,10.67692308,12.02666667,13.22222222,15.9010989,0,3,0.214285714,0,1,0.058823529,1,0.011111111,53.7,79,0
03-Mar-06,BYMR,SOX,C,13,M,SOXN4C,3,4,1,3,2,0.666666667,48,1,90,,1,,32.41333333,30.80555556,26.57802198,20.38666667,17.58333333,10.67692308,12.02666667,13.22222222,15.9010989,0,3,0.214285714,0,1,0.058823529,1,0.011111111,53.7,79,0
03-Mar-06,MGYC,SOX,C,13,M,SOXN4C,3,4,1,3,2,0.666666667,45,0,16,,0,,32.41333333,30.80555556,30.7882,20.38666667,17.58333333,10.67692308,12.02666667,13.22222222,15.9010989,0,3,0.214285714,0,1,0.058823529,1,0.058823529,53.7,29.8,0
07-Apr-06,MLLT,TPT,C,11,M,TPTN4C,6,11,1,3,2,0.666666667,43,1,90,,1,70.8,30.61428571,29.53333333,24.00659341,18.4,13.61666667,5.326373626,12.21428571,15.91666667,18.68021978,0,1,0.076923077,0,0,0,0,0,98.3,50.2,0
07-Apr-06,BGMC,TPT,C,11,F,TPTN4C,6,11,1,3,2,0.666666667,40.9,0,1,,0,,30.61428571,29.53333333,31.4,18.4,13.61666667,5.326373626,12.21428571,15.91666667,18.68021978,0,1,0.076923077,0,0,0,0,0,98.3,0,0
07-Apr-06,MGOO,TPT,C,11,M,TPTN4C,6,11,1,3,2,0.666666667,39.6,0,43,,0,,30.61428571,29.53333333,23.6841,18.4,13.61666667,5.326373626,12.21428571,15.91666667,18.68021978,0,1,0.076923077,0,0,0,0,0,98.3,41.2,0
27-Nov-05,MOYG,HOG,C,16,M,HOGN3C,5,5,1,2,1,0.5,40.2,1,90,68.5,1,73.5,,,,,,,,,,,,,,,,,,,,
27-Nov-05,TMBO,HOG,C,16,F,HOGN3C,5,5,1,2,1,0.5,40.3,1,90,,1,71.6,,,,,,,,,,,,,,,,,,,,
14-Oct-06,CRMR,AQA,D,11,M,AQAN1D,4,4,,2,2,1,38.1,1,90,,0,,28.88666667,31.36875,35.5,7.84,15.25,17.32527473,21.04666667,16.11875,18.17472527,0,2,0.142857143,0,6,0.4,56,0.622222222,0.4,28.8,1
14-Oct-06,TMTO,AQA,D,11,M,AQAN1D,4,4,,2,2,1,36.6,1,90,,0,,28.88666667,31.36875,35.5,7.84,15.25,17.32527473,21.04666667,16.11875,18.17472527,0,2,0.142857143,0,6,0.4,56,0.622222222,0.4,28.8,1
16-Oct-06,CMYO,TPT,D,11,F,TPTN1D,8,8,2,1,0,0,34.1,0,36,,0,,29.6625,34.168,32.927,8.375,16.49473684,17.51538462,21.2875,17.67,18.00549451,0,3,0.2,1,11,0.611111111,55,0.351351351,0.4,19,1
20-Oct-06,GYRM,OSD,D,10,F,OSDN1D,9,9,3,3,2,0.666666667,34,1,90,70.5,1,75.9,28.56875,35.16875,35.55714286,11.075,16.53125,17.66373626,17.49375,18.6375,17.89340659,0,5,0.333333333,1,10,0.666666667,55,0.611111111,0.4,33.2,1
20-Oct-06,MRCT,OSD,D,10,M,OSDN1D,9,9,3,3,2,0.666666667,39.1,1,90,74.3,0,,28.56875,35.16875,35.55714286,11.075,16.53125,17.66373626,17.49375,18.6375,17.89340659,0,5,0.333333333,1,10,0.666666667,55,0.611111111,0.4,33.2,1
20-Oct-06,MOGO,OSD,D,10,M,OSDN1D,9,9,3,3,2,0.666666667,39.7,1,90,67.1,0,,28.56875,35.16875,35.55714286,11.075,16.53125,17.66373626,17.49375,18.6375,17.89340659,0,5,0.333333333,1,10,0.666666667,55,0.611111111,0.4,33.2,1
26-Oct-06,CRMP,RNB,D,10,F,RNBN1D,5,5,1,3,1,0.333333333,37,1,90,76,0,,29.94,33.82105263,35.97582418,14.32,15.55263158,18.26263736,15.62,18.26842105,17.71318681,0,5,0.357142857,1,10,0.555555556,60,0.666666667,0,19.4,1
26-Oct-06,MTBB,RNB,D,10,F,RNBN1D,5,5,1,3,1,0.333333333,26,1,90,72,1,76.6,29.94,33.82105263,35.97582418,14.32,15.55263158,18.26263736,15.62,18.26842105,17.71318681,0,5,0.357142857,1,10,0.555555556,60,0.666666667,0,19.4,1
26-Oct-06,YMRL,RNB,D,10,M,RNBN1D,5,5,1,3,1,0.333333333,34,1,90,76,0,,29.94,33.82105263,35.97582418,14.32,15.55263158,18.26263736,15.62,18.26842105,17.71318681,0,5,0.357142857,1,10,0.555555556,60,0.666666667,0,19.4,1
07-Nov-06,LMRC,DNV,D,11,M,DNVN1D,,,,1,1,1,40.1,0,0,,0,,,,,,,,,,,,,,,,,,,,,1
07-Nov-06,MRLY,GON,D,11,M,GONN1D,5,5,0,2,1,0.5,42.3,1,90,,0,,35.48666667,30.91111111,36.47472527,16.63333333,12.81666667,18.9021978,18.85333333,18.09444444,17.57252747,1,10,0.714285714,0,2,0.117647059,67,0.744444444,46.6,27.4,1
07-Nov-06,YOMG,GON,D,11,F,GONN1D,5,5,0,2,1,0.5,45,0,,,0,,35.48666667,30.91111111,,16.63333333,12.81666667,18.9021978,18.85333333,18.09444444,17.57252747,1,10,0.714285714,0,2,0.117647059,67,,46.6,,1
09-Nov-06,BWRM,XHO,D,11,M,XHON1D,7,7,0,1,1,1,40.4,1,90,,0,,35.52666667,29.6,36.55824176,17.08,11.26470588,18.9989011,18.44666667,18.33529412,17.55934066,1,11,0.785714286,0,0,0,67,0.744444444,48.4,27.4,1
18-Nov-06,MOGY,HAR,D,11,F,HARN2D,4,4,1,2,1,0.5,35.2,1,90,,0,,31.61428571,31.43125,37.04945055,14.64285714,14.3625,19.18791209,16.97142857,17.06875,17.86153846,0,2,0.153846154,1,3,0.2,73,0.811111111,49.2,24,1
18-Nov-06,BCCM,HAR,D,11,M,HARN2D,4,4,1,2,1,0.5,37.2,0,77,,0,,31.61428571,31.43125,37.4038,14.64285714,14.3625,19.18791209,16.97142857,17.06875,17.86153846,0,2,0.153846154,1,3,0.2,73,0.820512821,49.2,23,1
22-Nov-06,GMYG,TPT,D,11,M,TPTN2D,8,9,2,2,1,0.5,43,0,36,,0,,30.8125,33.08125,36.9541,13.03125,15.95,19.33516484,17.78125,17.13125,17.81098901,0,1,0.066666667,1,7,0.466666667,73,0.72972973,54.8,8.2,1
22-Nov-06,PMPC,TPT,D,11,F,TPTN2D,8,9,2,2,1,0.5,36.7,0,16,,0,,30.8125,33.08125,38.088,13.03125,15.95,19.33516484,17.78125,17.13125,17.81098901,0,1,0.066666667,1,7,0.466666667,73,0.823529412,54.8,0,1
23-Nov-06,OMGO,INF,D,12,F,INFN2D,3,3,1,3,0,0,37.3,1,90,,0,,29.80769231,34.27058824,37.10989011,11.26923077,16.78235294,19.44065934,18.53846154,17.48823529,17.66923077,0,0,0,1,9,0.5625,73,0.811111111,64.8,26,1
23-Nov-06,MLLR,INF,D,12,F,INFN2D,3,3,1,3,0,0,45,1,90,,0,,29.80769231,34.27058824,37.10989011,11.26923077,16.78235294,19.44065934,18.53846154,17.48823529,17.66923077,0,0,0,1,9,0.5625,73,0.811111111,64.8,26,1
23-Nov-06,MCRO,INF,D,12,F,INFN2D,3,3,1,3,0,0,30.4,1,90,,1,73,29.80769231,34.27058824,37.10989011,11.26923077,16.78235294,19.44065934,18.53846154,17.48823529,17.66923077,0,0,0,1,9,0.5625,73,0.811111111,64.8,26,1
27-Nov-06,GGYM,OSD,D,11,F,OSDN2D,9,12,3,3,0,0,39.2,1,90,,0,,29.19333333,36.25789474,36.97582418,10.80666667,18.63157895,19.51428571,18.38666667,17.62631579,17.46153846,0,0,0,1,13,0.722222222,73,0.811111111,64.8,28.2,1
27-Nov-06,PMTT,OSD,D,11,F,OSDN2D,9,12,3,3,0,0,41.3,1,90,,0,,29.19333333,36.25789474,36.97582418,10.80666667,18.63157895,19.51428571,18.38666667,17.62631579,17.46153846,0,0,0,1,13,0.722222222,73,0.811111111,64.8,28.2,1
27-Nov-06,MPLL,OSD,D,11,F,OSDN2D,9,12,3,3,0,0,36.6,0,28,,0,,29.19333333,36.25789474,36.4241,10.80666667,18.63157895,19.51428571,18.38666667,17.62631579,17.46153846,0,0,0,1,13,0.722222222,73,0.724137931,64.8,8.2,1
03-Dec-06,PMBR,SOX,D,11,F,SOXN2D,6,6,2,3,2,0.666666667,36.1,0,6,,0,,31.40714286,37.97058824,39.12857,14.68571429,17.88235294,19.28571429,16.72142857,20.08823529,17.32527473,1,4,0.307692308,1,14,0.875,69,1,64.8,0.8,1
03-Dec-06,CLCM,SOX,D,11,M,SOXN2D,6,6,2,3,2,0.666666667,35,0,62,,0,,31.40714286,37.97058824,37.07936,14.68571429,17.88235294,19.28571429,16.72142857,20.08823529,17.32527473,1,4,0.307692308,1,14,0.875,69,0.80952381,64.8,24,1
14-Feb-07,LBMT,KUR,D,11,M,KURN2D,9,9,0,3,2,0.666666667,37.2,,,,,,37.15333333,35.38,31.4,20.41333333,18.20666667,14.35164835,16.74,17.17333333,17.04835165,1,13,0.928571429,1,11,0.785714286,19,0.211111111,14.2,41,1
14-Feb-07,MCLL,KUR,D,11,M,KURN2D,9,9,0,3,2,0.666666667,42.8,,,,,,37.15333333,35.38,31.4,20.41333333,18.20666667,14.35164835,16.74,17.17333333,17.04835165,1,13,0.928571429,1,11,0.785714286,19,0.211111111,14.2,41,1
04-Nov-07,RMTT,OSD,E,11,F,OSDN1E,7,7,4,2,1,0.5,39,1,90,,1,75.7,33.33333333,29.65555556,33.30549451,17.2,15.66666667,18.95274725,16.13333333,13.98888889,14.35274725,0,4,0.285714286,0,0,0,22,0.244444444,12.4,159.4,0
04-Nov-07,MOOO,OSD,E,11,M,OSDN1E,7,7,4,2,1,0.5,43,1,90,,1,,33.33333333,29.65555556,33.30549451,17.2,15.66666667,18.95274725,16.13333333,13.98888889,14.35274725,0,4,0.285714286,0,0,0,22,0.244444444,12.4,159.4,0
09-Nov-07,GTTM,HAR,E,11,M,HARN2E,2,2,0,3,2,0.666666667,46.6,1,90,,0,,32.71333333,29.68125,33.33076923,17.25333333,15.69375,18.83296703,15.46,13.9875,14.4978022,0,4,0.285714286,0,0,0,22,0.244444444,12.4,159.4,0
11-Nov-07,BOOM,SOX,E,11,F,SOXN1E,4,4,3,3,1.99999998,0.66666666,44.1,1,90,,1,77.6,31.375,32.35263158,33.22967033,17.70625,16.37368421,19.19010989,13.66875,15.97894737,14.03956044,0,1,0.066666667,0,4,0.222222222,22,0.244444444,15.4,159.4,0
11-Nov-07,LMCP,SOX,E,11,M,SOXN1E,4,4,3,3,1.99999998,0.66666666,43.8,1,90,,1,75.1,31.375,32.35263158,33.22967033,17.70625,16.37368421,19.19010989,13.66875,15.97894737,14.03956044,0,1,0.066666667,0,4,0.222222222,22,0.244444444,15.4,159.4,0
11-Nov-07,YMYG,SOX,E,11,M,SOXN1E,4,4,3,3,1.99999998,0.66666666,46,1,90,,0,,31.375,32.35263158,33.22967033,17.70625,16.37368421,19.19010989,13.66875,15.97894737,14.03956044,0,1,0.066666667,0,4,0.222222222,22,0.244444444,15.4,159.4,0
15-Nov-07,PYMP,RNB,E,11,F,RNBN2E,4,4,0,2,0,0,38.7,1,90,,0,,29.47857143,32.19444444,33.32307692,16.83571429,16.14444444,19.22197802,12.64285714,16.05,14.1010989,0,0,0,0,5,0.294117647,23,0.255555556,26,154.8,0
15-Nov-07,MCRY,RNB,E,11,F,RNBN2E,4,4,0,2,0,0,39.5,1,90,,1,76.9,29.47857143,32.19444444,33.32307692,16.83571429,16.14444444,19.22197802,12.64285714,16.05,14.1010989,0,0,0,0,5,0.294117647,23,0.255555556,26,154.8,0
19-Nov-07,MTTO,SHA,E,11,F,SHAN2E,2,2,0,2,0,0,38.8,1,90,73.6,1,,29.175,33.26111111,33.51758242,16.19375,16.2,19.60769231,12.98125,17.06111111,13.90989011,0,0,0,0,5,0.294117647,24,0.266666667,26,158.4,0
19-Nov-07,GBLM,SHA,E,11,F,SHAN2E,2,2,0,2,0,0,40.4,1,90,,0,,29.175,33.26111111,33.51758242,16.19375,16.2,19.60769231,12.98125,17.06111111,13.90989011,0,0,0,0,5,0.294117647,24,0.266666667,26,158.4,0
21-Nov-07,YYYM,XHO,E,11,F,XHON3E,5,5,0,3,2,0.666666667,40.5,1,90,,,,30.10666667,33.1625,33.53076923,15.52,16.51875,19.65714286,14.58666667,16.64375,13.87362637,0,0,0,0,5,0.333333333,24,0.266666667,48.6,158.4,0
21-Nov-07,RBTM,XHO,E,11,M,XHON3E,5,5,0,3,2,0.666666667,37.3,1,90,,1,,30.10666667,33.1625,33.53076923,15.52,16.51875,19.65714286,14.58666667,16.64375,13.87362637,0,0,0,0,5,0.333333333,24,0.266666667,48.6,158.4,0
21-Nov-07,ROMP,XHO,E,11,M,XHON3E,5,5,0,3,2,0.666666667,31.7,1,90,,0,,30.10666667,33.1625,33.53076923,15.52,16.51875,19.65714286,14.58666667,16.64375,13.87362637,0,0,0,0,5,0.333333333,24,0.266666667,48.6,158.4,0
25-Nov-07,XXXM,INF,E,11,M,INFN2E,4,4,0,4,1,0.25,36.7,,,,,,31.44666667,32.57647059,33.7021978,15.24666667,16.70588235,19.73186813,16.2,15.87058824,13.97032967,0,2,0.142857143,0,4,0.25,26,0.288888889,71.6,154.6,0
25-Nov-07,CPRM,INF,E,11,F,INFN2E,4,4,0,4,1,0.25,39.1,1,90,70.3,1,,31.44666667,32.57647059,33.7021978,15.24666667,16.70588235,19.73186813,16.2,15.87058824,13.97032967,0,2,0.142857143,0,4,0.25,26,0.288888889,71.6,154.6,0
25-Nov-07,TMPT,INF,E,11,F,INFN2E,4,4,0,4,1,0.25,43.1,1,90,69.9,1,,31.44666667,32.57647059,33.7021978,15.24666667,16.70588235,19.73186813,16.2,15.87058824,13.97032967,0,2,0.142857143,0,4,0.25,26,0.288888889,71.6,154.6,0
25-Nov-07,GMBO,INF,E,11,F,INFN2E,4,4,0,4,1,0.25,34.5,1,90,66.9,0,,31.44666667,32.57647059,33.7021978,15.24666667,16.70588235,19.73186813,16.2,15.87058824,13.97032967,0,2,0.142857143,0,4,0.25,26,0.288888889,71.6,154.6,0
03-Dec-07,BBMB,OSD,E,11,F,OSDN2E,6,8,4,4,1,0.25,33.5,1,90,69.15,1,,33.1625,32.74,33.60879121,16.51875,17.07333333,20.02417582,16.64375,15.66666667,13.58461538,0,5,0.333333333,0,1,0.071428571,26,0.288888889,82.2,135.8,0
03-Dec-07,MLLO,OSD,E,11,F,OSDN2E,6,8,4,4,1,0.25,36.3,1,90,72.1,1,,33.1625,32.74,33.60879121,16.51875,17.07333333,20.02417582,16.64375,15.66666667,13.58461538,0,5,0.333333333,0,1,0.071428571,26,0.288888889,82.2,135.8,0
03-Dec-07,RPMT,OSD,E,11,F,OSDN2E,6,8,4,4,1,0.25,26,1,90,70.7,1,,33.1625,32.74,33.60879121,16.51875,17.07333333,20.02417582,16.64375,15.66666667,13.58461538,0,5,0.333333333,0,1,0.071428571,26,0.288888889,82.2,135.8,0
03-Dec-07,CMYL,OSD,E,11,M,OSDN2E,6,8,4,4,1,0.25,19,1,90,70.7,0,,33.1625,32.74,33.60879121,16.51875,17.07333333,20.02417582,16.64375,15.66666667,13.58461538,0,5,0.333333333,0,1,0.071428571,26,0.288888889,82.2,135.8,0
05-Dec-07,LMBB,CLA,E,12,M,CLAN1E,5,5,0,1,1,1,47.1,1,90,,0,,33.39333333,32.4,33.67362637,16.82666667,15.99166667,19.98351648,16.56666667,16.40833333,13.69010989,0,5,0.357142857,0,1,0.090909091,26,0.288888889,82.2,138.8,0
10-Jan-08,GGML,XHO,E,11,M,XHON4E,5,8,0,3,1,0.333333333,41,1,90,71.5,0,,32.74615385,33.55882353,32.22307692,19.31538462,19.61176471,18.52197802,13.43076923,13.94705882,13.7010989,1,2,0.166666667,1,6,0.375,15,0.166666667,114.4,102.6,0
10-Jan-08,PPCM,XHO,E,11,F,XHON4E,5,8,0,3,1,0.333333333,39.8,0,69,,0,,32.74615385,33.55882353,35.8188,19.31538462,19.61176471,18.52197802,13.43076923,13.94705882,13.7010989,1,2,0.166666667,1,6,0.375,15,0.68115942,114.4,22.2,0
10-Jan-08,WORM,XHO,E,11,F,XHON4E,5,8,0,3,1,0.333333333,41.6,0,79,,0,,32.74615385,33.55882353,35.34177,19.31538462,19.61176471,18.52197802,13.43076923,13.94705882,13.7010989,1,2,0.166666667,1,6,0.375,15,0.594936709,114.4,40.4,0
11-Jan-08,CMTO,SOX,E,11,M,SOXN2E,4,7,3,3,3,1,44.5,1,90,74.8,0,,32.97333333,33.43125,32.22307692,19.16,19.5625,18.52197802,13.81333333,13.86875,13.7010989,1,3,0.214285714,1,5,0.333333333,15,0.166666667,116.2,102.6,0
12-Jan-08,TTCM,SHA,E,11,M,SHAN3E,2,4,0,1,1,1,38.9,0,69,,0,,33.4,33.15,32.94714,19.34,19.85,18.43516484,14.06,13.3,13.76153846,1,4,0.285714286,1,4,0.266666667,15,0.214285714,114.4,72.8,0
14-Jan-08,BMBO,RNB,E,11,F,RNBN3E,3,5,0,4,1,0.25,48.2,1,90,,1,,33.7,32.67058824,32.2021978,19.59375,19.90588235,18.19230769,14.10625,12.76470588,14.00989011,1,5,0.333333333,1,3,0.1875,15,0.166666667,114.4,102.4,0
14-Jan-08,TTYM,RNB,E,11,F,RNBN3E,3,5,0,4,1,0.25,29.9,1,90,68.3,1,,33.7,32.67058824,32.2021978,19.59375,19.90588235,18.19230769,14.10625,12.76470588,14.00989011,1,5,0.333333333,1,3,0.1875,15,0.166666667,114.4,102.4,0
14-Jan-08,RTRM,RNB,E,11,F,RNBN3E,3,5,0,4,1,0.25,43.7,1,90,73.8,0,,33.7,32.67058824,32.2021978,19.59375,19.90588235,18.19230769,14.10625,12.76470588,14.00989011,1,5,0.333333333,1,3,0.1875,15,0.166666667,114.4,102.4,0
14-Jan-08,LMPT,RNB,E,11,M,RNBN3E,3,5,0,4,1,0.25,45.3,1,90,75.15,1,,33.7,32.67058824,32.2021978,19.59375,19.90588235,18.19230769,14.10625,12.76470588,14.00989011,1,5,0.333333333,1,3,0.1875,15,0.166666667,114.4,102.4,0
26-Jan-08,WYCM,INF,E,11,F,INFN3E,3,7,0,2,1,0.5,38.8,1,90,71.2,0,,32.41538462,33.01875,31.4978022,19.27692308,20.90625,16.36483516,13.13846154,12.1125,15.13296703,0,2,0.166666667,1,2,0.133333333,14,0.155555556,72.2,84.4,0
26-Jan-08,MBLL,INF,E,11,M,INFN3E,3,7,0,2,1,0.5,43.5,1,90,72.4,0,,32.41538462,33.01875,31.4978022,19.27692308,20.90625,16.36483516,13.13846154,12.1125,15.13296703,0,2,0.166666667,1,2,0.133333333,14,0.155555556,72.2,84.4,0
11-Mar-08,CMRY,HAR,E,11,M,HARN8E,3,4,0,1,1,1,49.1,0,11,,0,,35.05333333,32.41875,29.2727,20.63333333,18.8125,11.48901099,14.42,13.60625,16.02857143,1,7,0.5,0,3,0.2,0,0,110,4.2,0
12-Mar-08,TTOM,CLA,E,11,F,CLAN3E,5,6,0,2,0,0,40.4,1,90,74.6,1,,34.8,30.11578947,27.16043956,19.86666667,18.33157895,10.71098901,14.93333333,11.78421053,16.44945055,1,6,0.428571429,0,1,0.055555556,0,0,110,99.2,0
12-Mar-08,MGGG,INF,E,11,F,INFN4E,3,9,0,1,0,0,41.7,1,90,,,,35.15294118,30.10588235,27.4010989,19.88235294,18.98235294,10.86593407,15.27058824,11.12352941,16.53516484,1,8,0.5,0,1,0.0625,0,0,110,90,0
12-Mar-08,GYMP,CLA,E,11,F,CLAN3E,5,6,0,2,0,0,44,0,81,,0,,34.8,30.11578947,27.485236,19.86666667,18.33157895,10.71098901,14.93333333,11.78421053,16.44945055,1,6,0.428571429,0,1,0.055555556,0,0,110,90,0
03-Jun-08,BMCL,SHA,E,11,F,SHAN6E,3,3,,2,1,0.5,32,1,90,69.9,1,75,26.18,23.89411765,24.51098901,11.40666667,7.476470588,5.337362637,14.77333333,16.41764706,19.17362637,0,0,0,0,0,0,0,0,77.2,9.2,0
03-Jun-08,PRRM,SHA,E,11,M,SHAN6E,3,3,,2,1,0.5,25.7,0,33,,0,,26.18,23.89411765,21.06765,11.40666667,7.476470588,5.337362637,14.77333333,16.41764706,19.17362637,0,0,0,0,0,0,0,0,77.2,9.2,0
22-Jul-08,BMPY,XHO,E,11,F,XHON5E,6,6,,2,1,0.5,44.1,1,90,,0,,18.38666667,23.33076923,28.55274725,1.473333333,7.792307692,8.135164835,16.91333333,15.53846154,20.41758242,0,0,0,0,0,0,9,0.1,66.6,0,0
22-Jul-08,LMRR,XHO,E,11,M,XHON5E,6,6,,2,1,0.5,45.8,1,90,,1,72.5,18.38666667,23.33076923,28.55274725,1.473333333,7.792307692,8.135164835,16.91333333,15.53846154,20.41758242,0,0,0,0,0,0,9,0.1,66.6,0,0
20-Oct-08,CBYM,SOX,E,11,F,SOXN7E,7,7,0,3,0,0,40.7,1,90,,1,79.8,29.19411765,34.8,35.54945055,10.02941176,14.35625,19.12197802,19.16470588,20.44375,16.42747253,0,1,0.0625,1,8,0.533333333,48,0.533333333,0,143.8,0
20-Oct-08,GMPP,SOX,E,11,F,SOXN7E,7,7,0,3,0,0,32.4,0,0,,0,,29.19411765,34.8,35.1,10.02941176,14.35625,19.12197802,19.16470588,20.44375,16.42747253,0,1,0.0625,1,8,0.533333333,48,0,0,0.4,0
20-Oct-08,RMBL,SOX,E,11,F,SOXN7E,7,7,0,3,0,0,42.6,0,0,,0,,29.19411765,34.8,35.1,10.02941176,14.35625,19.12197802,19.16470588,20.44375,16.42747253,0,1,0.0625,1,8,0.533333333,48,0,0,0.4,0
21-Oct-08,MPGG,RNB,E,11,M,RNBN7E,6,6,0,1,1,1,32.5,0,50,,0,,30.19333333,34.56315789,34.94118,10.76666667,15.94210526,19.16373626,19.42666667,18.62105263,16.31868132,0,1,0.071428571,1,8,0.444444444,49,0.431372549,0,57.2,0
06-Mar-08,MWWW,SOX,E,12,F,SOXN3E,4,10,3,2,0,0,48.3,1,90,,1,,,,,,,,,,,,,,,,,,,,,
06-Mar-08,RYTM,SOX,E,12,F,SOXN3E,4,10,3,2,0,0,51.2,1,90,77.4,1,,,,,,,,,,,,,,,,,,,,,
06-Mar-08,CLYM,HOG,E,12,F,HOGN5E,4,4,0,2,0,0,46.9,1,90,76.1,1,,,,,,,,,,,,,,,,,,,,,
06-Mar-08,GRML,HOG,E,12,F,HOGN5E,4,4,0,2,0,0,43.3,1,90,,1,,,,,,,,,,,,,,,,,,,,,
22-Oct-08,TOMY,HOG,F,11,M,HOGN7E,5,5,0,2,2,1,39.8,,,,,,31.7375,34.25,35.48241758,12.125,16.5625,19.16373626,19.6125,17.6875,16.31868132,1,4,0.266666667,1,6,0.4,49,0.544444444,0,130.2,0
22-Oct-08,MTRC,HOG,F,11,M,HOGN7E,5,5,0,2,2,1,44.6,1,90,,1,,31.7375,34.25,35.48241758,12.125,16.5625,19.16373626,19.6125,17.6875,16.31868132,1,4,0.266666667,1,6,0.4,49,0.544444444,0,130.2,0
22-Oct-08,GGXM,SND,F,11,F,SNDN1F,5,5,,3,2,0.666666667,39.7,1,90,,1,,29.61333333,34.29375,35.54615385,10.64,13.59375,19.13406593,18.97333333,20.7,16.41208791,0,1,0.071428571,1,8,0.533333333,48,0.533333333,0,143.8,0
22-Oct-08,ROXM,SND,F,11,M,SNDN1F,5,5,,3,2,0.666666667,37.9,1,90,,1,,29.61333333,34.29375,35.54615385,10.64,13.59375,19.13406593,18.97333333,20.7,16.41208791,0,1,0.071428571,1,8,0.533333333,48,0.533333333,0,143.8,0
22-Oct-08,PPXM,SND,F,11,M,SNDN1F,5,5,,3,2,0.666666667,38.3,1,90,,0,,29.61333333,34.29375,35.54615385,10.64,13.59375,19.13406593,18.97333333,20.7,16.41208791,0,1,0.071428571,1,8,0.533333333,48,0.533333333,0,143.8,0
28-Oct-08,ROMO,HAR,F,11,M,HARN12E,3,3,0,1,1,1,46.3,1,90,,1,73.4,33.1,34.05,35.44505495,13.75333333,16.62857143,19.14725275,19.34666667,17.42142857,16.2978022,1,6,0.428571429,1,4,0.307692308,49,0.544444444,0,131.2,0
10-Dec-08,SMBR,HOG,F,11,M,HOGN1F,5,7,0,2,2,1,39.7,1,90,,0,,34.89285714,35.64444444,33.81208791,20.00714286,21.88888889,19.8032967,14.88571429,13.75555556,14.00879121,1,6,0.461538462,1,10,0.588235294,36,0.4,24.2,204.8,0
10-Dec-08,THMP,HOG,F,11,M,HOGN1F,5,7,0,2,2,1,44.5,1,90,75.05,1,78.2,34.89285714,35.64444444,33.81208791,20.00714286,21.88888889,19.8032967,14.88571429,13.75555556,14.00879121,1,6,0.461538462,1,10,0.588235294,36,0.4,24.2,204.8,0
10-Dec-08,HMYY,RNB,F,11,F,RNBN2F,6,7,0,4,0,0,37.9,1,90,,0,,35.08,35.64444444,33.81208791,19.66,21.88888889,19.8032967,15.42,13.75555556,14.00879121,1,7,0.5,1,10,0.588235294,36,0.4,24.2,204.8,0
10-Dec-08,MROW,RNB,F,11,F,RNBN2F,6,7,0,4,0,0,35,1,90,,0,,35.08,35.64444444,33.81208791,19.66,21.88888889,19.8032967,15.42,13.75555556,14.00879121,1,7,0.5,1,10,0.588235294,36,0.4,24.2,204.8,0
10-Dec-08,MYLC,RNB,F,11,F,RNBN2F,6,7,0,4,0,0,37.3,1,90,,1,71,35.08,35.64444444,33.81208791,19.66,21.88888889,19.8032967,15.42,13.75555556,14.00879121,1,7,0.5,1,10,0.588235294,36,0.4,24.2,204.8,0
10-Dec-08,MXXX,RNB,F,11,F,RNBN2F,6,7,0,4,0,0,27.8,0,46,,0,,35.08,35.64444444,35.98085,19.66,21.88888889,19.8032967,15.42,13.75555556,14.00879121,1,7,0.5,1,10,0.588235294,36,0.659574468,24.2,74,0
11-Dec-08,SLYM,CLA,F,11,F,CLAN2F,3,3,0,3,2,0.666666667,35.5,,,,,,34.88461538,35.8,33.81208791,21.39230769,21.79375,19.8032967,13.49230769,14.00625,14.00879121,1,4,0.333333333,1,10,0.666666667,36,0.4,47.6,204.8,0
11-Dec-08,MYRS,CLA,F,11,M,CLAN2F,3,3,0,3,2,0.666666667,35.9,1,90,,1,72,34.88461538,35.8,33.81208791,21.39230769,21.79375,19.8032967,13.49230769,14.00625,14.00879121,1,4,0.333333333,1,10,0.666666667,36,0.4,47.6,204.8,0
11-Dec-08,HMPP,CLA,F,11,M,CLAN2F,3,3,0,3,2,0.666666667,34.9,1,90,,1,75.4,34.88461538,35.8,33.81208791,21.39230769,21.79375,19.8032967,13.49230769,14.00625,14.00879121,1,4,0.333333333,1,10,0.666666667,36,0.4,47.6,204.8,0
19-Jan-09,GMGS,HAR,F,11,M,HARN2F,2,3,,3,1,0.333333333,35.3,0,15,,0,,36.46,35.61034483,32.60625,16.02666667,21.07931034,16.5010989,20.43333333,14.53103448,14.85934066,1,11,0.785714286,1,17,0.607142857,5,0.3125,91,22.6,0
28-Mar-09,CMLT,OSD,F,11,M,OSDN3F,8,10,0,2,1,0.5,40.4,1,90,70.5,1,75.9,30.40666667,32.93125,25.7032967,18.46,15.54375,8.478021978,11.94666667,17.3875,17.22527473,0,0,0,0,0,0,0,0,163.4,23,0
28-Mar-09,GRMB,OSD,F,11,F,OSDN3F,8,10,0,2,1,0.5,41.8,0,26,,0,,30.40666667,32.93125,31.1222222,18.46,15.54375,8.478021978,11.94666667,17.3875,17.22527473,0,0,0,0,0,0,0,0,163.4,5.4,0
03-Apr-09,HMPT,SRC,F,11,F,SRCN3F,4,4,0,3,1,0.333333333,40,1,90,69.8,1,,30.27333333,33.4875,25.22747253,16.61333333,16.475,7.924175824,13.66,17.0125,17.3032967,0,0,0,0,0,0,0,0,163.4,21.8,0
03-Apr-09,SYMR,SRC,F,11,F,SRCN3F,4,4,0,3,1,0.333333333,38.5,0,71,,0,,30.27333333,33.4875,26.6486,16.61333333,16.475,7.924175824,13.66,17.0125,17.3032967,0,0,0,0,0,0,0,0,163.4,6.2,0
04-Oct-08,POMP,OSD,F,11,,OSDN9E,9,9,0,2,0,,40.6,1,90,,0,,,,,,,,,,,,,,,,,,,,,
04-Oct-08,MGTO,OSD,F,11,,OSDN9E,9,9,0,2,0,,39.3,0,,,0,,,,,,,,,,,,,,,,,,,,,
10-Oct-08,RBBM,CRS,F,14,,CRSN1F,3,5,,2,0,,47.1,1,90,,0,,,,,,,,,,,,,,,,,,,,,
10-Oct-08,RMPP,CRS,F,14,,CRSN1F,3,5,,2,0,,41.5,1,90,,0,,,,,,,,,,,,,,,,,,,,,
28-Oct-09,MTGY,HAR,G,11,M,HARN5F,3,3,0,3,1,0.333333333,45.9,0,17,,0,,,,,,,19.0021978,,,14.93296703,,,,,,,54,,,,0
28-Oct-09,RLMP,HAR,G,11,F,HARN5F,3,3,0,3,1,0.333333333,42,1,90,74.5,1,73.2,,,36.82417582,,,19.0021978,,,14.93296703,,,,,,,54,0.6,1.6,139.2,0
28-Oct-09,CMPH,HAR,G,11,F,HARN5F,3,3,0,3,1,0.333333333,40.4,0,8,,0,,,,,,,19.0021978,,,14.93296703,,,,,,,54,,,,0
10-Nov-09,OMOO,HOG,G,11,F,HOGN1G,5,5,0,2,1,0.5,52.5,1,90,,1,,,,36.82417582,,,19.0021978,,,17.71428571,,,,,,,65,0.722222222,14.6,148.4,0
10-Nov-09,MRTR,HOG,G,11,M,HOGN1G,5,5,0,2,1,0.5,52,1,90,,1,,,,36.82417582,,,19.0021978,,,17.71428571,,,,,,,65,0.722222222,14.6,148.4,0
16-Nov-09,RMSH,SHA,G,11,M,SHAN1G,6,6,2,3,2,0.666666667,46.3,0,5,,0,,,,36.766666,,,18.95054945,,,17.74615385,,,,,,,64,0.666666667,14.6,0,0
17-Nov-09,GORM,CLA,G,11,M,CLAN2G,4,4,0,3,2,0.666666667,33.9,1,90,,1,71.8,,,36.72307692,,,19.06153846,,,17.66153846,,,,,,,65,0.722222222,14.8,145.8,0
17-Nov-09,PCYM,CLA,G,11,F,CLAN2G,4,4,0,3,2,0.666666667,34.5,,,,0,,,,36.72307692,,,19.06153846,,,17.66153846,,,,,,,65,0.722222222,14.8,145.8,0
17-Nov-09,MWWS,CLA,G,11,M,CLAN2G,4,4,0,3,2,0.666666667,40.3,0,12,,0,,,,40,,,19.06153846,,,17.66153846,,,,,,,65,1,14.8,0,0
23-Nov-09,WTMO,OSD,G,11,M,OSDN1G,7,7,1,4,1,0.25,41.2,0,27,,0,,,,38.88846,,,19.02527473,,,17.4032967,,,,,,,62,0.807692308,15,49.8,0
05-Jan-10,MYHP,SND,G,11,F,SNDN4G,5,5,1,3,2,0.666666667,24.9,1,90,67.2,0,,40.7625,37.87142857,35.43076923,17.63125,20.42142857,18.61318681,23.13125,17.45,16.81758242,1,16,1,1,10,0.769230769,49,0.544444444,53.8,169.8,0
05-Jan-10,SMCL,SND,G,11,M,SNDN4G,5,5,1,3,2,0.666666667,34.9,1,90,68.3,1,70.9,40.7625,37.87142857,35.43076923,17.63125,20.42142857,18.61318681,23.13125,17.45,16.81758242,1,16,1,1,10,0.769230769,49,0.544444444,53.8,169.8,0
05-Jan-10,RMBR,SND,G,11,M,SNDN4G,5,5,1,3,2,0.666666667,35.2,1,90,68.35,1,69.5,40.7625,37.87142857,35.43076923,17.63125,20.42142857,18.61318681,23.13125,17.45,16.81758242,1,16,1,1,10,0.769230769,49,0.544444444,53.8,169.8,0
17-Jan-10,SCOM,HAR,G,11,M,HARN4G,3,4,1,2,1,0.5,42.1,0,11,,0,,38.44666667,37.85882353,34.8416666,19.18666667,21.07647059,17.49120879,19.26,16.78235294,17.28681319,1,12,0.857142857,1,13,0.8125,44,0.416666667,53.6,51.6,0
17-Jan-10,MRYT,HAR,G,11,F,HARN4G,3,4,1,2,1,0.5,41.3,1,90,72.15,1,77.4,38.44666667,37.85882353,34.77802198,19.18666667,21.07647059,17.49120879,19.26,16.78235294,17.28681319,1,12,0.857142857,1,13,0.8125,44,0.488888889,53.6,136,0
01-Feb-10,SMYL,INF,G,11,F,INFN4G,2,2,1,2,1,0.5,39.6,0,6,,0,,37.69333333,34.73333333,36.942857,20.94666667,18.58666667,16.31318681,16.74666667,16.14666667,17.58571429,1,11,0.785714286,1,6,0.428571429,40,1,53.4,9.2,0
01-Feb-10,GYMC,INF,G,11,M,INFN4G,2,2,1,2,1,0.5,42.8,1,90,74.9,1,77.1,37.69333333,34.73333333,33.8989011,20.94666667,18.58666667,16.31318681,16.74666667,16.14666667,17.58571429,1,11,0.785714286,1,6,0.428571429,40,0.444444444,53.4,89.4,0
10-Feb-10,TMPO,SHA,G,11,F,SHAN4G,5,5,2,3,2,0.666666667,37.5,1,90,70.9,1,80.2,35.36666667,35.50666667,33.01318681,20.26666667,19.24,14.90549451,15.1,17.57333333,18.10769231,0,7,0.5,1,11,0.785714286,31,0.344444444,66.6,80.4,0
10-Feb-10,THMS,SHA,G,11,M,SHAN4G,5,5,2,3,2,0.666666667,39.1,1,90,68.9,0,,35.36666667,35.50666667,33.01318681,20.26666667,19.24,14.90549451,15.1,17.57333333,18.10769231,0,7,0.5,1,11,0.785714286,31,0.344444444,66.6,80.4,0
12-Feb-10,GRTM,SOX,G,11,F,SOXN5G,5,5,1,2,0,0,41.9,1,90,67.9,1,74.4,34.57647059,36.456,32.72333333,19.12941176,18.5375,14.53222222,15.44705882,17.91875,18.19111111,0,6,0.375,1,12,0.8,29,0.322222222,84,79.6,0
25-Feb-10,MRPC,NTU,G,11,F,NTUN2G,2,3,0,3,2,0.666666667,36.4,1,90,,1,73.1,35.50666667,34.1,31.86111111,19.24,18.4,13.13555556,17.57333333,15.7,18.72555556,1,11,0.785714286,1,6,0.4,25,0.277777778,135.6,36.6,0
25-Feb-10,CHTM,NTU,G,11,M,NTUN2G,2,3,0,3,2,0.666666667,37.8,1,90,,1,,35.50666667,34.1,31.86111111,19.24,18.4,13.13555556,17.57333333,15.7,18.72555556,1,11,0.785714286,1,6,0.4,25,0.277777778,135.6,36.6,0
25-Feb-10,YMTY,NTU,G,11,M,NTUN2G,2,3,0,3,2,0.666666667,42.3,1,90,,0,,35.50666667,34.1,31.86111111,19.24,18.4,13.13555556,17.57333333,15.7,18.72555556,1,11,0.785714286,1,6,0.4,25,0.277777778,135.6,36.6,0
04-Mar-10,RHYM,OSD,G,11,M,OSDN5G,6,6,1,3,1,0.333333333,34.3,1,90,65.5,1,70.5,35.65,34.7,30.55666667,19.6,19.77058824,11.51444444,16.05,14.92941176,19.04222222,1,10,0.666666667,1,6,0.375,22,0.244444444,95,34.4,0
04-Mar-10,MTSS,OSD,G,11,F,OSDN5G,6,6,1,3,1,0.333333333,40.8,1,90,,1,,35.65,34.7,30.55666667,19.6,19.77058824,11.51444444,16.05,14.92941176,19.04222222,1,10,0.666666667,1,6,0.375,22,0.244444444,95,34.4,0
04-Mar-10,GMPP,OSD,G,11,F,OSDN5G,6,6,1,3,1,0.333333333,41.1,1,90,,1,81,35.65,34.7,30.55666667,19.6,19.77058824,11.51444444,16.05,14.92941176,19.04222222,1,10,0.666666667,1,6,0.375,22,0.244444444,95,34.4,0
29-Oct-10,MOCO,NTU,H,12,F,NTUN1H,5,5,1,2,1,0.5,43.7,1,90,,0,,32.01333333,32.825,34.34505495,13.04666667,11.78125,18.43186813,18.96666667,21.04375,15.91318681,1,4,0.285714286,1,5,0.333333333,34,0.377777778,0,2,0
29-Oct-10,LLMP,NTU,H,12,M,NTUN1H,5,5,1,2,1,0.5,47.6,0,3,,0,,32.01333333,32.825,30.06,13.04666667,11.78125,18.43186813,18.96666667,21.04375,15.91318681,1,4,0.285714286,1,5,0.333333333,34,0,0,0,0
30-Oct-10,MCOY,CLA,H,13,M,CLAN1H,3,3,,3,3,1,41.5,1,90,68.9,0,,32.47333333,32.49,34.4043956,12.87333333,12.28,18.46373626,19.6,20.21,15.94065934,1,6,0.428571429,1,5,0.263157895,34,0.377777778,0,2,0
30-Oct-10,LMBR,CLA,H,13,M,CLAN1H,3,3,,3,3,1,44.8,1,90,71.7,0,,32.47333333,32.49,34.4043956,12.87333333,12.28,18.46373626,19.6,20.21,15.94065934,1,6,0.428571429,1,5,0.263157895,34,0.377777778,0,2,0
30-Oct-10,SHSM,CLA,H,13,M,CLAN1H,3,3,,3,3,1,42.9,1,90,,1,75.1,32.47333333,32.49,34.4043956,12.87333333,12.28,18.46373626,19.6,20.21,15.94065934,1,6,0.428571429,1,5,0.263157895,34,0.377777778,0,2,0
09-Nov-10,PLMT,SND,H,11,M,SNDN1H,7,7,2,3,2,0.666666667,44.6,1,90,,1,73.1,29.97333333,32.58125,34.50989011,10.04,12.95625,19.10549451,19.93333333,19.625,15.4043956,0,1,0.071428571,1,5,0.333333333,33,0.366666667,0,2,0
12-Nov-10,MCCC,DTF,H,11,F,DTFN1H,3,3,,3,1,0.333333333,31.3,1,90,65.7,1,71.8,32.67333333,31.58125,34.54615385,11.28666667,14.54375,19.41978022,21.38666667,17.0375,15.12637363,1,5,0.357142857,0,3,0.2,33,0.366666667,0,2.4,0
12-Nov-10,THRM,DTF,H,11,M,DTFN1H,3,3,,3,1,0.333333333,43.5,1,90,71.5,1,74.9,32.67333333,31.58125,34.54615385,11.28666667,14.54375,19.41978022,21.38666667,17.0375,15.12637363,1,5,0.357142857,0,3,0.2,33,0.366666667,0,2.4,0
12-Nov-10,MPOR,DTF,H,11,F,DTFN1H,3,3,,3,1,0.333333333,46.2,1,90,70.24,1,75.4,32.67333333,31.58125,34.54615385,11.28666667,14.54375,19.41978022,21.38666667,17.0375,15.12637363,1,5,0.357142857,0,3,0.2,33,0.366666667,0,2.4,0
05-Dec-10,CLLM,HOG,H,12,F,HOGN3H,5,5,1,3,0,0,46.7,1,90,72.4,0,,33.75333333,36.18666667,33.97692308,15.43333333,17.42666667,19.71428571,18.32,18.76,14.26263736,0,4,0.285714286,1,11,0.785714286,26,0.288888889,0,2.6,0
05-Dec-10,MGBY,HOG,H,12,F,HOGN3H,5,5,1,3,0,0,44.8,1,90,74.6,1,78.6,33.75333333,36.18666667,33.97692308,15.43333333,17.42666667,19.71428571,18.32,18.76,14.26263736,0,4,0.285714286,1,11,0.785714286,26,0.288888889,0,2.6,0
16-Dec-10,SCMP,SOX,H,11,F,SOXN2H,6,6,2,3,1,0.333333333,36.3,1,90,65.2,1,70.9,35.92,36.06666667,33.53296703,16.96666667,19.06111111,19.44175824,18.95333333,17.00555556,14.09120879,1,10,0.714285714,1,12,0.705882353,20,0.222222222,0,2.2,0
16-Dec-10,BHRM,SOX,H,11,F,SOXN2H,6,6,2,3,1,0.333333333,42.3,1,90,65.6,1,70.5,35.92,36.06666667,33.53296703,16.96666667,19.06111111,19.44175824,18.95333333,17.00555556,14.09120879,1,10,0.714285714,1,12,0.705882353,20,0.222222222,0,2.2,0
16-Dec-10,MOOT,SOX,H,11,M,SOXN2H,6,6,2,3,1,0.333333333,43.9,1,90,,0,,35.92,36.06666667,33.53296703,16.96666667,19.06111111,19.44175824,18.95333333,17.00555556,14.09120879,1,10,0.714285714,1,12,0.705882353,20,0.222222222,0,2.2,0
19-Dec-10,LTMS,HAR,H,11,M,HARN1H,5,5,0,3,2,0.666666667,26.1,0,5,,0,,36.075,35.82,37.95,17.88125,19.04,19.45934066,18.19375,16.78,14.08241758,1,11,0.733333333,1,9,0.642857143,20,0.833333333,0,0,0
19-Dec-10,BMBG,HAR,H,11,F,HARN1H,5,5,0,3,2,0.666666667,43,0,42,,0,,36.075,35.82,34.169767,17.88125,19.04,19.45934066,18.19375,16.78,14.08241758,1,11,0.733333333,1,9,0.642857143,20,0.23255814,0,1.4,0
19-Dec-10,OMPH,HAR,H,11,M,HARN1H,5,5,0,3,2,0.666666667,43.1,0,29,,0,,36.075,35.82,34.556666,17.88125,19.04,19.45934066,18.19375,16.78,14.08241758,1,11,0.733333333,1,9,0.642857143,20,0.3,0,1.2,0
11-Jan-11,SMOO,BMD,H,11,F,BMDN3H,4,4,1,2,1,0.5,40.9,1,90,,1,72.1,36.14285714,33.73333333,32.87582418,19.15714286,19.68666667,18.74505495,16.98571429,14.04666667,14.13076923,1,9,0.692307692,0,2,0.142857143,15,0.166666667,0.6,1,0
11-Jan-11,GMCR,BMD,H,11,M,BMDN3H,4,4,1,2,1,0.5,40.9,1,90,,1,75.4,36.14285714,33.73333333,32.87582418,19.15714286,19.68666667,18.74505495,16.98571429,14.04666667,14.13076923,1,9,0.692307692,0,2,0.142857143,15,0.166666667,0.6,1,0
20-Jan-11,WMPY,INF,H,11,F,INFN4H,3,3,2,3,1,0.333333333,40.5,1,90,69.3,1,76.1,33.52142857,33.96666667,32.34505495,19.79285714,20.85333333,18.02417582,13.72857143,13.11333333,14.32087912,0,3,0.230769231,0,3,0.214285714,14,0.155555556,0.6,4.2,0
20-Jan-11,MRTH,INF,H,11,F,INFN4H,3,3,2,3,1,0.333333333,43,1,90,72.6,0,,33.52142857,33.96666667,32.34505495,19.79285714,20.85333333,18.02417582,13.72857143,13.11333333,14.32087912,0,3,0.230769231,0,3,0.214285714,14,0.155555556,0.6,4.2,0
20-Jan-11,BGTM,INF,H,11,M,INFN4H,3,3,2,3,1,0.333333333,45.7,1,90,72.8,0,,33.52142857,33.96666667,32.34505495,19.79285714,20.85333333,18.02417582,13.72857143,13.11333333,14.32087912,0,3,0.230769231,0,3,0.214285714,14,0.155555556,0.6,4.2,0
02-Feb-11,BBYM,DTF,H,11,F,DTFN2H,3,6,1,3,1,0.333333333,30.8,0,8,,0,,34.33333333,32.14444444,32.32222,20.42666667,20.4,16.53516484,13.90666667,12.2,14.74615385,0,3,0.214285714,0,1,0.058823529,13,0.111111111,1.8,0.4,0
02-Feb-11,MLTT,DTF,H,11,M,DTFN2H,3,6,1,3,1,0.333333333,37.5,1,90,,1,72,34.33333333,32.14444444,31.28131868,20.42666667,20.4,16.53516484,13.90666667,12.2,14.74615385,0,3,0.214285714,0,1,0.058823529,13,0.144444444,1.8,4.2,0
02-Feb-11,PGML,DTF,H,11,F,DTFN2H,3,6,1,3,1,0.333333333,42.5,1,90,70.8,1,77.6,34.33333333,32.14444444,31.28131868,20.42666667,20.4,16.53516484,13.90666667,12.2,14.74615385,0,3,0.214285714,0,1,0.058823529,13,0.144444444,1.8,4.2,0
05-Feb-11,MXPX,XHO,H,10,F,XHON1H,3,3,,5,0,,27.7,1,90,,1,70.9,33.78,32.245,30.84065934,21.04666667,20.395,15.91318681,12.73333333,12.26,14.92747253,0,2,0.142857143,0,2,0.105263158,12,0.133333333,1.8,4.6,0
05-Feb-11,BXMX,XHO,H,10,F,XHON1H,3,3,,5,0,,26.8,1,90,,1,70.4,33.78,32.245,30.84065934,21.04666667,20.395,15.91318681,12.73333333,12.26,14.92747253,0,2,0.142857143,0,2,0.105263158,12,0.133333333,1.8,4.6,0
05-Feb-11,MXSY,XHO,H,10,F,XHON1H,3,3,,5,0,,29.8,1,90,,1,72.4,33.78,32.245,30.84065934,21.04666667,20.395,15.91318681,12.73333333,12.26,14.92747253,0,2,0.142857143,0,2,0.105263158,12,0.133333333,1.8,4.6,0
05-Feb-11,MYSY,SND,H,11,M,SNDN4H,7,8,2,2,1,0.5,36.8,1,90,,1,73.9,34.0375,32.3375,31.25494505,20.825,20.29375,16.47362637,13.2125,12.55625,14.78131868,0,3,0.2,0,1,0.066666667,13,0.144444444,1.8,4.2,0
05-Feb-11,MOBL,SND,H,11,F,SNDN4H,7,8,2,2,1,0.5,45.9,0,36,,0,,34.0375,32.3375,33.027027,20.825,20.29375,16.47362637,13.2125,12.55625,14.78131868,0,3,0.2,0,1,0.066666667,13,0.27027027,1.8,0.8,0
15-Feb-11,BLSM,RNB,H,11,M,RNBN6H,7,7,2,3,0,,33.9,1,90,,0,,32.54666667,32.05,30.55054945,20.49333333,20.19375,15.06813187,12.6,11.85625,15.48241758,0,1,0.071428571,0,1,0.066666667,12,0.133333333,1.8,4.2,0
21-Feb-11,PMYS,CLA,H,11,F,CLAN2H,3,6,1,3,1,0.333333333,30.8,0,27,,0,,32.02,33.65,33.13242,20.36,18.77142857,13.53186813,12.07,14.87857143,15.80769231,0,1,0.052631579,1,4,0.307692308,9,0.214285714,2,0.2,0
22-Feb-11,BROM,HOG,H,10,M,HOGN4H,4,6,1,3,1,0.333333333,41.9,1,90,,1,82.2,31.63125,33.2,29.53296703,20.10625,18.8,13.76153846,12.0375,14.4,15.77142857,0,1,0.066666667,1,3,0.230769231,10,0.111111111,2,4.5,0
22-Feb-11,GMYL,HOG,H,10,F,HOGN4H,4,6,1,3,1,0.333333333,35.8,1,90,,1,76.9,31.63125,33.2,29.53296703,20.10625,18.8,13.76153846,12.0375,14.4,15.77142857,0,1,0.066666667,1,3,0.230769231,10,0.111111111,2,4.5,0
02-Mar-11,MORS,SRC,H,12,F,SRCN5H,3,3,1,1,0,0,42.7,0,1,,0,,31.38,33.35625,30.2,20.54,18.6875,12.81868132,11.38666667,14.66875,16.05384615,0,1,0.071428571,1,5,0.333333333,7,0,2,0,0
09-Mar-11,MYRG,NTU,H,12,F,NTUN4H,3,4,1,1,0,0,35.6,0,21,,0,,32.94,33.55625,33.763636,19.67333333,17.96875,11.64615385,13.26666667,15.5875,16.21868132,0,3,0.214285714,1,5,0.333333333,6,0.272727273,1.8,0.2,0
27-Mar-11,BMGO,OSD,H,11,F,OSDN6H,7,10,2,3,0,0,39,0,1,,0,,32.51333333,32.98333333,36,18.37333333,18.39166667,8.703296703,14.14,14.59166667,17.07912088,1,4,0.285714286,0,0,0,3,0.5,2,0,0
13-Oct-11,XXMX,OSD,J,11,F,OSDN1J,6,9,3,3,2,0.666666667,26.8,1,90,68.16,,,30.05333333,31.93,33.62417582,10.17333333,10.535,16.30989011,19.88,21.395,17.31428571,0,1,0.071428571,1,6,0.315789474,35,0.388888889,0.4,48.6,0
13-Oct-11,GRHM,OSD,J,11,M,OSDN1J,6,9,3,3,2,0.666666667,33.8,1,90,72.12,0,,30.05333333,31.93,33.62417582,10.17333333,10.535,16.30989011,19.88,21.395,17.31428571,0,1,0.071428571,1,6,0.315789474,35,0.388888889,0.4,48.6,0
13-Oct-11,PWMR,OSD,J,11,M,OSDN1J,6,9,3,3,2,0.666666667,35.6,0,60,,0,,30.05333333,31.93,32.613115,10.17333333,10.535,16.30989011,19.88,21.395,17.31428571,0,1,0.071428571,1,6,0.315789474,35,0.278688525,0.4,44,0
29-Oct-11,SOOM,RNB,J,11,M,RNBN1J,6,6,0,3,1,0.333333333,44.5,0,12,,0,,32.41333333,30.99411765,31.230769,11.60666667,11.60588235,17.25054945,20.80666667,19.38823529,16.53186813,1,5,0.357142857,1,4,0.25,36,0.230769231,2.8,0,0
29-Oct-11,RWYM,RNB,J,11,F,RNBN1J,6,6,0,3,1,0.333333333,43.3,1,90,71.5,1,69.2,32.41333333,30.99411765,33.78241758,11.60666667,11.60588235,17.25054945,20.80666667,19.38823529,16.53186813,1,5,0.357142857,1,4,0.25,36,0.4,2.8,84.8,0
29-Oct-11,MCPR,RNB,J,11,F,RNBN1J,6,6,0,3,1,0.333333333,45.7,1,90,72.9,1,79.8,32.41333333,30.99411765,33.78241758,11.60666667,11.60588235,17.25054945,20.80666667,19.38823529,16.53186813,1,5,0.357142857,1,4,0.25,36,0.4,2.8,84.8,0
31-Oct-11,TOTM,SND,J,11,M,SNDN1J,3,5,3,2,2,1,41.9,1,90,71.5,1,74.9,33.18,31.63888889,33.95604396,11.86,11.97222222,17.67692308,21.32,19.66666667,16.27912088,1,6,0.428571429,1,5,0.294117647,36,0.4,2.4,87.4,0
31-Oct-11,MBLR,SND,J,11,M,SNDN1J,3,5,3,2,2,1,44.1,0,9,,0,,33.18,31.63888889,32.97,11.86,11.97222222,17.67692308,21.32,19.66666667,16.27912088,1,6,0.428571429,1,5,0.294117647,36,0.4,2.4,0,0
31-Oct-11,CMBR,SHA,J,11,F,SHAN2J,4,4,1,2,0,0,43.9,1,90,71.3,0,,32.64666667,31.21176471,33.90659341,11.85333333,11.44117647,17.43736264,20.79333333,19.77058824,16.46923077,1,5,0.357142857,1,4,0.25,36,0.4,2.8,87.4,0
31-Oct-11,MYWT,SHA,J,11,F,SHAN2J,4,4,1,2,0,0,44.5,0,8,,0,,32.64666667,31.21176471,31.8,11.85333333,11.44117647,17.43736264,20.79333333,19.77058824,16.46923077,1,5,0.357142857,1,4,0.25,36,0.222222222,2.8,0,0
11-Nov-11,LLTM,HOG,J,12,F,HOGN1J,7,7,2,3,2,0.666666667,45.3,1,90,75.35,0,,30.72,31.98823529,33.86703297,12.10666667,11.50588235,18.05384615,18.61333333,20.48235294,15.81318681,1,3,0.214285714,1,5,0.3125,33,0.366666667,2.4,129.4,0
11-Nov-11,STRM,HOG,J,12,M,HOGN1J,7,7,2,3,2,0.666666667,42.6,1,90,76.5,1,,30.72,31.98823529,33.86703297,12.10666667,11.50588235,18.05384615,18.61333333,20.48235294,15.81318681,1,3,0.214285714,1,5,0.3125,33,0.366666667,2.4,129.4,0
11-Nov-11,MHWC,HOG,J,12,M,HOGN1J,7,7,2,3,2,0.666666667,44.6,1,90,77.7,1,,30.72,31.98823529,33.86703297,12.10666667,11.50588235,18.05384615,18.61333333,20.48235294,15.81318681,1,3,0.214285714,1,5,0.3125,33,0.366666667,2.4,129.4,0
15-Nov-11,GMGR,SOX,J,11,M,SOXN1J,3,5,3,1,1,1,51.5,1,90,75.25,1,76.9,30.86,32.14375,33.86703297,11.43333333,11.75625,18.05384615,19.42666667,20.3875,15.81318681,1,3,0.214285714,1,5,0.333333333,33,0.366666667,2.4,129.4,0
16-Nov-11,BGMX,JBW,J,11,F,JBWN1J,4,4,1,3,0,0,31.6,0,0,,0,,,,,,,,,,,,,,,,,,,2.4,,0
16-Nov-11,PCMX,JBW,J,11,F,JBWN1J,4,4,1,3,0,0,36.9,0,0,,0,,,,,,,,,,,,,,,,,,,2.4,,0
16-Nov-11,YOMX,JBW,J,11,F,JBWN1J,4,4,1,3,0,0,39,1,90,,0,,,,,,,,,,,,,,,,,,,2.4,,0
27-Dec-11,MBBL,NTU,J,11,F,NTUN3J,4,4,2,2,0,0,39.1,1,90,65.3,1,,33.18571429,35.42,34.07692308,16.57857143,19.29333333,18.38901099,16.60714286,16.12666667,15.68791209,1,4,0.307692308,1,7,0.5,44,0.488888889,23.2,126.6,0
27-Dec-11,THYM,NTU,J,11,F,NTUN3J,4,4,2,2,0,0,44.7,1,90,69.7,0,,33.18571429,35.42,34.07692308,16.57857143,19.29333333,18.38901099,16.60714286,16.12666667,15.68791209,1,4,0.307692308,1,7,0.5,44,0.488888889,23.2,126.6,0
11-Jan-12,GBMS,OSD,J,12,M,OSDN3J,8,10,3,1,1,1,40.1,1,90,66.4,0,,35.5,36.78571429,32.94065934,19.15,20.53571429,17.14505495,16.35,16.25,15.7956044,1,8,0.533333333,1,12,0.923076923,32,0.355555556,44,123,0
27-Jan-12,PMBL,HAR,J,11,M,HARN2J,6,7,0,3,2,0.666666667,37.2,,,,0,,36.7,34.60625,32.13626374,20.2,19.40625,16.1043956,16.5,15.2,16.03186813,1,13,0.928571429,1,8,0.533333333,26,0.288888889,44.6,130.6,0
27-Jan-12,OMGL,HAR,J,11,F,HARN2J,6,7,0,3,2,0.666666667,36.1,,,,0,,36.7,34.60625,32.13626374,20.2,19.40625,16.1043956,16.5,15.2,16.03186813,1,13,0.928571429,1,8,0.533333333,26,0.288888889,44.6,130.6,0
27-Jan-12,BRMY,HAR,J,11,M,HARN2J,6,7,0,3,2,0.666666667,46.3,,,,0,,36.7,34.60625,32.13626374,20.2,19.40625,16.1043956,16.5,15.2,16.03186813,1,13,0.928571429,1,8,0.533333333,26,0.288888889,44.6,130.6,0
22-Feb-12,PTMO,XHO,J,11,M,XHON2J,4,4,0,3,2,0.666666667,40.5,0,,,0,,31.59333333,32.89375,,17.94666667,18.61875,12.84615385,13.64666667,14.275,18.31098901,0,2,0.142857143,1,4,0.266666667,22,,39.2,,0
22-Feb-12,SLMR,XHO,J,11,M,XHON2J,4,4,0,3,2,0.666666667,34.6,0,,,0,,31.59333333,32.89375,,17.94666667,18.61875,12.84615385,13.64666667,14.275,18.31098901,0,2,0.142857143,1,4,0.266666667,22,,39.2,,0
22-Feb-12,TMLB,XHO,J,11,F,XHON2J,4,4,0,3,2,0.666666667,41.5,0,,,0,,31.59333333,32.89375,,17.94666667,18.61875,12.84615385,13.64666667,14.275,18.31098901,0,2,0.142857143,1,4,0.266666667,22,,39.2,,0
23-Feb-12,LMBT,SHA,J,12,F,SHAN4J,4,5,1,1,0,0,42.2,0,10,,0,,31.17857143,32.68666667,37.4,17.92142857,18.52666667,12.95274725,13.25714286,14.16,18.2978022,0,1,0.076923077,1,3,0.214285714,23,0.909090909,36.2,6.8,0
07-Mar-12,MXLO,MMN,J,13,F,MMNN2J,5,5,,3,1,0.333333333,34.7,0,18,,0,,30.80666667,36.75,33.473684,17.49333333,18.92,10.78241758,13.31333333,17.83,18.36483516,0,1,0.071428571,1,15,0.789473684,10,0.473684211,67.2,15.2,0
07-Mar-12,SLXM,MMN,J,13,F,MMNN2J,5,5,,3,1,0.333333333,40.2,,,,0,,30.80666667,36.75,29.14725275,17.49333333,18.92,10.78241758,13.31333333,17.83,18.36483516,0,1,0.071428571,1,15,0.789473684,10,0.111111111,67.2,27.2,0
07-Mar-12,POXM,MMN,J,13,M,MMNN2J,5,5,,3,1,0.333333333,45.8,0,18,,0,,30.80666667,36.75,33.473684,17.49333333,18.92,10.78241758,13.31333333,17.83,18.36483516,0,1,0.071428571,1,15,0.789473684,10,0.473684211,67.2,15.2,0
08-Mar-12,LMBC,BMD,J,11,F,BMDN6J,5,5,2,3,0,0,31.3,0,7,,0,,32.89375,37.77333333,34,18.61875,18.78666667,10.54285714,14.275,18.98666667,18.43846154,1,4,0.266666667,1,14,1,9,0.375,85.4,3.6,0
08-Mar-12,MYTR,BMD,J,11,F,BMDN6J,5,5,2,3,0,0,35.3,1,90,,0,,32.89375,37.77333333,28.98131868,18.61875,18.78666667,10.54285714,14.275,18.98666667,18.43846154,1,4,0.266666667,1,14,1,9,0.1,85.4,27.2,0
10-Nov-12,MOSH,DTF,K,12,F,DTFN1K,6,6,0,3,2,0.666666667,46.2,1,90,65.25,0,,29.84666667,34.11666667,34.97472527,10.90666667,14.78333333,17.7989011,18.94,19.33333333,17.17582418,0,2,0.142857143,1,8,0.470588235,48,0.533333333,13.9,17.8,1
10-Nov-12,SBLM,DTF,K,12,M,DTFN1K,6,6,0,3,2,0.666666667,43.5,1,90,66.6,0,,29.84666667,34.11666667,34.97472527,10.90666667,14.78333333,17.7989011,18.94,19.33333333,17.17582418,0,2,0.142857143,1,8,0.470588235,48,0.533333333,13.9,17.8,1
10-Nov-12,PTCM,DTF,K,12,M,DTFN1K,6,6,0,3,2,0.666666667,43.4,0,5,,0,,29.84666667,34.11666667,36.9,10.90666667,14.78333333,17.7989011,18.94,19.33333333,17.17582418,0,2,0.142857143,1,8,0.470588235,48,0.833333333,13.9,0,1
12-Nov-12,BGMG,INF,K,11,F,INFN1K,3,3,1,2,0,0,22.7,1,90,,1,68.2,29.62,34.875,34.97252747,10.08,15.55625,17.82747253,19.54,19.31875,17.14505495,0,2,0.142857143,1,8,0.533333333,48,0.533333333,13.4,17.8,1
12-Nov-12,HLMS,INF,K,11,F,INFN1K,3,3,1,2,0,0,42.2,0,68,,0,,29.62,34.875,34.308695,10.08,15.55625,17.82747253,19.54,19.31875,17.14505495,0,2,0.142857143,1,8,0.533333333,48,0.449275362,13.4,16.6,1
12-Nov-12,RMGR,RNB,K,14,F,RNBN1K,6,6,1,2,1,0.5,44.6,0,4,,0,,29.66666667,34.03125,34.9,11.15333333,14.69375,17.67692308,18.51333333,19.3375,17.1978022,0,1,0.071428571,0,7,0.466666667,47,0.6,0.5,3.2,1
12-Nov-12,HSOM,RNB,K,14,M,RNBN1K,6,6,1,2,1,0.5,43.7,0,4,,0,,29.66666667,34.03125,34.9,11.15333333,14.69375,17.67692308,18.51333333,19.3375,17.1978022,0,1,0.071428571,0,7,0.466666667,47,0.6,0.5,3.2,1
13-Nov-12,CSYM,HOG,K,11,F,HOGN2K,5,5,3,2,1,0.5,46.4,1,90,78.7,1,78.9,29.85333333,35.32222222,35.01648352,10.31333333,15.37222222,18.01648352,19.54,19.95,17,0,2,0.142857143,1,10,0.588235294,49,0.544444444,13.4,17.8,1
13-Nov-12,BOSM,HOG,K,11,M,HOGN2K,5,5,3,2,1,0.5,46.5,0,50,,0,,29.85333333,35.32222222,33.760784,10.31333333,15.37222222,18.01648352,19.54,19.95,17,0,2,0.142857143,1,10,0.588235294,49,0.392156863,13.4,13.6,1
14-Nov-12,TOMB,SRC,K,11,M,SRCN1K,3,3,2,4,3,0.75,30.3,0,2,,0,,30.84,35.49411765,36.43,10.78,15.4,18.01648352,20.06,20.09411765,17,0,2,0.142857143,1,10,0.625,49,0.666666667,13.4,0,1
14-Nov-12,GHMY,SRC,K,11,M,SRCN1K,3,3,2,4,3,0.75,29.6,0,2,,0,,30.84,35.49411765,36.43,10.78,15.4,18.01648352,20.06,20.09411765,17,0,2,0.142857143,1,10,0.625,49,0.666666667,13.4,0,1
14-Nov-12,WGMR,SRC,K,11,M,SRCN1K,3,3,2,4,3,0.75,38.1,0,2,,0,,30.84,35.49411765,36.43,10.78,15.4,18.01648352,20.06,20.09411765,17,0,2,0.142857143,1,10,0.625,49,0.666666667,13.4,0,1
14-Nov-12,TRYM,SND,K,13,M,SNDN2K,5,5,1,3,2,0.666666667,41.2,1,90,,1,,29.62,35.06315789,35.01648352,10.08,15.18421053,18.01648352,19.54,19.87894737,17,0,2,0.142857143,1,10,0.555555556,49,0.544444444,13.4,17.8,1
14-Nov-12,GMLT,SND,K,13,M,SNDN2K,5,5,1,3,2,0.666666667,44.1,1,90,63.47,1,76.5,29.62,35.06315789,35.01648352,10.08,15.18421053,18.01648352,19.54,19.87894737,17,0,2,0.142857143,1,10,0.555555556,49,0.544444444,13.4,17.8,1
14-Nov-12,PHML,SND,K,13,F,SNDN2K,5,5,1,3,2,0.666666667,44.6,1,90,,0,,29.62,35.06315789,35.01648352,10.08,15.18421053,18.01648352,19.54,19.87894737,17,0,2,0.142857143,1,10,0.555555556,49,0.544444444,13.4,17.8,1
21-Nov-12,OMRC,BMD,K,13,M,BMDN1K,6,6,0,1,1,1,49,0,78,,0,,33.7625,34.40666667,35.045569,14.8875,14.2,18.04175824,18.875,20.20666667,17.13406593,0,6,0.4,1,8,0.571428571,49,0.518987342,13.4,16.6,1
28-Nov-12,LOGM,HAR,K,12,F,HARN2K,5,5,2,1,0,0,47.5,1,90,,1,80.5,34.74666667,34.17647059,35.15494505,15.38,15.51176471,18.09230769,19.36666667,18.66470588,17.06263736,1,7,0.5,1,9,0.5625,49,0.544444444,13.4,21.8,1
27-Dec-12,CMYY,XHO,K,12,M,XHON1K,4,4,1,1,1,1,50.2,0,1,,0,,32.00666667,35.13888889,32.05,16.36666667,18.6,17.46263736,15.64,16.53888889,17.21428571,0,2,0.142857143,1,8,0.470588235,46,0,24,0,1
11-Jan-13,BMSY,STT,K,11,F,STTN2K,3,3,0,1,0,0,34,0,5,,0,,35.25625,36.08666667,34.666666,18.5875,18.43333333,16.45494505,16.66875,17.65333333,17.1,1,8,0.533333333,1,11,0.785714286,37,0.333333333,12.2,2.8,1
23-Oct-13,BMBB,SRC,L,12,M,SRCN1L,3,3,0,2,1,0.5,48.1,1,90,,1,74.5,30.87333333,29.47647059,34.53076923,8.68,9.588235294,17.40549451,22.19333333,19.88823529,17.12527473,0,1,0.071428571,0,1,0.0625,41,0.455555556,0,85,0
23-Oct-13,WHMY,SRC,L,12,F,SRCN1L,3,3,0,2,1,0.5,49.4,1,90,72.1,0,,30.87333333,29.47647059,34.53076923,8.68,9.588235294,17.40549451,22.19333333,19.88823529,17.12527473,0,1,0.071428571,0,1,0.0625,41,0.455555556,0,85,0
26-Oct-13,BOMY,TWH,L,11,M,TWHN1L,5,5,0,2,1,0.5,50.2,1,90,,1,,31.62352941,29.98461538,34.57252747,9.047058824,10.60769231,17.49010989,22.57647059,19.37692308,17.08241758,0,1,0.0625,0,2,0.166666667,41,0.455555556,0,85,0
26-Oct-13,MGRC,TWH,L,11,F,TWHN1L,5,5,0,2,1,0.5,46.3,1,90,,0,,31.62352941,29.98461538,34.57252747,9.047058824,10.60769231,17.49010989,22.57647059,19.37692308,17.08241758,0,1,0.0625,0,2,0.166666667,41,0.455555556,0,85,0
27-Oct-13,OHMY,RNB,L,11,M,RNBN1L,4,4,2,2,2,1,44.6,1,90,67.75,1,74.2,32.1,29.42941176,34.73186813,9.026666667,10.72941176,17.9032967,23.07333333,18.7,16.82857143,0,1,0.071428571,0,2,0.125,41,0.455555556,0,91.4,0
27-Oct-13,RTMS,RNB,L,11,M,RNBN1L,4,4,2,2,2,1,46,1,90,66.7,0,,32.1,29.42941176,34.73186813,9.026666667,10.72941176,17.9032967,23.07333333,18.7,16.82857143,0,1,0.071428571,0,2,0.125,41,0.455555556,0,91.4,0
02-Nov-13,CSMT,HAR,L,12,F,HARN1L,4,4,0,1,0,0,40.6,1,90,77.7,1,75.1,29.925,32.21333333,34.44395604,9.13125,12.96666667,18.30879121,20.79375,19.24666667,16.13516484,0,1,0.066666667,1,5,0.357142857,38,0.422222222,0,112.6,0
10-Nov-13,MCHO,CMF,L,13,F,JBWN2L,3,3,0,2,0,0,42.9,1,90,68.68,1,75.1,30.05882353,33.38333333,34.31868132,10.85882353,13.23333333,18.54175824,19.2,20.15,15.77692308,0,2,0.125,1,5,0.454545455,37,0.411111111,0,117.6,0
10-Nov-13,GMSY,CMF,L,13,F,JBWN2L,3,3,0,2,0,0,42.7,0,7,,0,,30.05882353,33.38333333,34.75,10.85882353,13.23333333,18.54175824,19.2,20.15,15.77692308,0,2,0.125,1,5,0.454545455,37,0.5,0,0,0
14-Nov-13,YHSM,OSD,L,13,F,OSDN1L,3,3,0,3,1,0.333333333,37,1,90,71,0,,29.52,34.83125,34.30659341,10.72666667,14.31875,18.71758242,18.79333333,20.5125,15.58901099,0,2,0.142857143,1,8,0.533333333,38,0.422222222,0,118,0
14-Nov-13,MYGG,OSD,L,13,M,OSDN1L,3,3,0,3,1,0.333333333,44.2,0,86,,0,,29.52,34.83125,34.245977,10.72666667,14.31875,18.71758242,18.79333333,20.5125,15.58901099,0,2,0.142857143,1,8,0.533333333,38,0.402298851,0,117.6,0
14-Nov-13,STHM,OSD,L,13,F,OSDN1L,3,3,0,3,1,0.333333333,39.1,1,90,70.8,1,79.5,29.52,34.83125,34.30659341,10.72666667,14.31875,18.71758242,18.79333333,20.5125,15.58901099,0,2,0.142857143,1,8,0.533333333,38,0.422222222,0,118,0
18-Nov-13,SOLM,INF,L,12,M,INFN2L,4,4,2,3,1,0.333333333,29.2,1,90,63.84,1,66.3,31.36,34.98095238,34.05384615,11.42,15.53809524,19.17142857,19.94,19.44285714,14.88241758,1,4,0.285714286,1,10,0.5,35,0.388888889,0,135.2,0
18-Nov-13,MOTH,INF,L,12,F,INFN2L,4,4,2,3,1,0.333333333,43.3,1,90,65.98,0,,31.36,34.98095238,34.05384615,11.42,15.53809524,19.17142857,19.94,19.44285714,14.88241758,1,4,0.285714286,1,10,0.5,35,0.388888889,0,135.2,0
18-Nov-13,HMLC,INF,L,12,F,INFN2L,4,4,2,3,1,0.333333333,44.6,1,90,,0,,31.36,34.98095238,34.05384615,11.42,15.53809524,19.17142857,19.94,19.44285714,14.88241758,1,4,0.285714286,1,10,0.5,35,0.388888889,0,135.2,0
19-Nov-13,HMLY,CLA,L,14,F,CLAN1L,4,4,1,2,0,0,35.9,0,8,,0,,30.77142857,35.44375,34.9375,10.85714286,14.75625,18.96263736,19.91428571,20.6875,15.31538462,1,3,0.230769231,1,9,0.6,38,0.5,0,17.6,0
19-Nov-13,GMST,CLA,L,14,F,CLAN1L,4,4,1,2,0,0,37.7,0,8,,0,,30.77142857,35.44375,34.9375,10.85714286,14.75625,18.96263736,19.91428571,20.6875,15.31538462,1,3,0.230769231,1,9,0.6,38,0.5,0,17.6,0
26-Nov-13,LMOS,HOG,L,14,F,HOGN2L,3,3,0,2,1,0.5,50.3,0,9,,0,,35.16666667,34.34375,31.577777,14.59333333,16.19375,19.29230769,20.57333333,18.15,14.56373626,1,8,0.571428571,0,6,0.4,32,0.111111111,0,17.4,0
26-Nov-13,HBHM,HOG,L,14,M,HOGN2L,3,3,0,2,1,0.5,48.4,1,90,68,0,,35.16666667,34.34375,33.85604396,14.59333333,16.19375,19.29230769,20.57333333,18.15,14.56373626,1,8,0.571428571,0,6,0.4,32,0.355555556,0,144.4,0
07-Dec-13,TLCM,JBW,L,13,F,JBWN3L,3,3,0,2,0,0,45.8,1,90,71.6,1,75.5,34.26666667,33.05333333,33.98351648,16.40666667,17.2,19.3978022,17.86,15.85333333,14.58571429,0,6,0.428571429,0,3,0.214285714,31,0.344444444,0,141.8,0
07-Dec-13,MSCO,JBW,L,13,F,JBWN3L,3,3,0,2,0,0,49.1,1,90,77.3,1,,34.26666667,33.05333333,33.98351648,16.40666667,17.2,19.3978022,17.86,15.85333333,14.58571429,0,6,0.428571429,0,3,0.214285714,31,0.344444444,0,141.8,0
21-Dec-13,CRMT,OLM,L,11,M,OLMN5L,3,3,0,3,2,0.666666667,42.7,1,90,67.15,0,,33.27333333,33.69375,33.38461538,17.36666667,18.45,19.08351648,15.90666667,15.24375,14.3010989,0,4,0.285714286,0,4,0.266666667,27,0.3,19.6,170.6,0
21-Dec-13,HYMY,OLM,L,11,M,OLMN5L,3,3,0,3,2,0.666666667,35,1,90,67.2,1,,33.27333333,33.69375,33.38461538,17.36666667,18.45,19.08351648,15.90666667,15.24375,14.3010989,0,4,0.285714286,0,4,0.266666667,27,0.3,19.6,170.6,0
21-Dec-13,SMOG,OLM,L,11,F,OLMN5L,3,3,0,3,2,0.666666667,41.5,1,90,69.4,1,71.2,33.27333333,33.69375,33.38461538,17.36666667,18.45,19.08351648,15.90666667,15.24375,14.3010989,0,4,0.285714286,0,4,0.266666667,27,0.3,19.6,170.6,0
24-Dec-13,HMCC,RNB,L,11,M,RNBN2L,2,4,2,3,0,,31.3,1,90,74.87,0,,32.81176471,34.44117647,32.94065934,17.36470588,19.24705882,18.38901099,15.44705882,15.19411765,14.55164835,0,3,0.1875,1,5,0.3125,26,0.288888889,19.6,142.8,0
24-Dec-13,TPPM,CLA,L,11,M,CLAN2L,4,4,1,3,1,0.333333333,32.2,1,90,71.43,1,,32.97333333,34.66190476,32.81428571,17.34666667,18.96666667,18.15164835,15.62666667,15.6952381,14.66263736,0,4,0.285714286,1,7,0.35,25,0.277777778,19.6,142.8,0
24-Dec-13,STMG,RNB,L,11,M,RNBN2L,2,4,2,3,0,,37.6,1,90,74.63,1,,32.81176471,34.44117647,32.94065934,17.36470588,19.24705882,18.38901099,15.44705882,15.19411765,14.55164835,0,3,0.1875,1,5,0.3125,26,0.288888889,19.6,142.8,0
24-Dec-13,CRMC,CLA,L,11,F,CLAN2L,4,4,1,3,1,0.333333333,41.7,1,90,73,0,,32.97333333,34.66190476,32.81428571,17.34666667,18.96666667,18.15164835,15.62666667,15.6952381,14.66263736,0,4,0.285714286,1,7,0.35,25,0.277777778,19.6,142.8,0
24-Dec-13,MYRH,CLA,L,11,F,CLAN2L,4,4,1,3,1,0.333333333,41.9,1,90,73.2,0,,32.97333333,34.66190476,32.81428571,17.34666667,18.96666667,18.15164835,15.62666667,15.6952381,14.66263736,0,4,0.285714286,1,7,0.35,25,0.277777778,19.6,142.8,0
08-Jan-14,MXGT,CTR,L,12,M,CTRN2L,3,3,0,2,2,1,44.8,1,90,,,,33.96,34.65882353,32.03076923,18.45333333,17.78235294,17.27802198,15.50666667,16.87647059,14.75274725,0,3,0.214285714,1,9,0.5625,19,0.211111111,37,138.6,0
08-Jan-14,CLMX,CTR,L,12,M,CTRN2L,3,3,0,2,2,1,47.1,1,90,78.9,0,,33.96,34.65882353,32.03076923,18.45333333,17.78235294,17.27802198,15.50666667,16.87647059,14.75274725,0,3,0.214285714,1,9,0.5625,19,0.211111111,37,138.6,0
13-Jan-14,RYMG,MLT,L,11,F,MLTN2L,3,3,,2,1,0.5,38.9,1,90,,1,,34.51333333,34.67333333,31.81978022,19.91333333,17.56666667,17.07912088,14.6,17.10666667,14.74065934,1,4,0.285714286,1,9,0.642857143,17,0.188888889,42.2,138.4,0
24-Jan-14,GGHM,SRC,L,11,M,SRCN3L,2,4,0,2,2,1,34.8,1,90,68.5,0,,34.34,38.24,30.48351648,17.70666667,21.81333333,15.40769231,16.63333333,16.42666667,15.07582418,1,8,0.571428571,1,14,1,7,0.077777778,78.4,136.6,0
24-Jan-14,MLOO,SRC,L,11,M,SRCN3L,2,4,0,2,2,1,37.9,1,90,69.8,1,73.6,34.34,38.24,30.48351648,17.70666667,21.81333333,15.40769231,16.63333333,16.42666667,15.07582418,1,8,0.571428571,1,14,1,7,0.077777778,78.4,136.6,0
31-Jan-14,CHMY,CMF,L,11,M,CMFN2L,2,3,0,3,1,0.333333333,21,0,1,,0,,36.49285714,34.81333333,30.6,19.52142857,21.32666667,13.93846154,16.97142857,13.48666667,16.37472527,1,10,0.769230769,0,8,0.571428571,5,0,83,11.8,0
31-Jan-14,PMPG,CMF,L,11,F,CMFN2L,2,3,0,3,1,0.333333333,39.8,1,90,,1,72.1,36.49285714,34.81333333,30.31318681,19.52142857,21.32666667,13.93846154,16.97142857,13.48666667,16.37472527,1,10,0.769230769,0,8,0.571428571,5,0.055555556,83,125.6,0
31-Jan-14,SMRT,CMF,L,11,F,CMFN2L,2,3,0,3,1,0.333333333,39.5,0,9,,0,,36.49285714,34.81333333,33.18,19.52142857,21.32666667,13.93846154,16.97142857,13.48666667,16.37472527,1,10,0.769230769,0,8,0.571428571,5,0.4,83,22,0
07-Feb-14,RHSM,INF,L,11,M,INFN4L,4,7,2,2,1,0.5,38.2,1,90,71.4,1,76.8,36.41875,32.29230769,29.61538462,22.00625,19.43076923,12.66703297,14.4125,12.86153846,16.94835165,0,11,0.733333333,1,4,0.333333333,2,0.022222222,83.4,107.2,0
07-Feb-14,MGGS,INF,L,11,F,INFN4L,4,7,2,2,1,0.5,43.8,,,,0,,36.41875,32.29230769,29.61538462,22.00625,19.43076923,12.66703297,14.4125,12.86153846,16.94835165,0,11,0.733333333,1,4,0.333333333,2,0.022222222,83.4,107.2,0
24-Mar-14,PYMC,JBW,L,12,M,JBWN6L,3,5,0,2,1,0.5,36,0,0,,0,,31.38,29.80769231,31.1,18.3,13.28461538,5.4,13.08,16.52307692,20.1,0,0,0,0,0,0,0,0,85.6,0,0
24-Mar-14,GMSO,JBW,L,12,F,JBWN6L,3,5,0,2,1,0.5,44.4,1,90,,1,74.5,31.38,29.80769231,25.5,18.3,13.28461538,5.4,13.08,16.52307692,20.1,0,0,0,0,0,0,0,0,85.6,12,0
29-Mar-14,MOPC,RNB,L,12,M,RNBN4L,3,8,2,2,2,1,47.6,,,,0,,31.47142857,28.99375,25.29230769,17.92857143,11.36875,5.365934066,13.54285714,17.625,19.92637363,0,0,0,0,0,0,0,0,87.8,11.8,0
07-Apr-14,MYTT,OLM,L,11,F,OLMN9L,3,6,0,2,1,0.5,39.3,1,90,,1,,29.56,28.52222222,24.29340659,16.06666667,9.294444444,4.220879121,13.49333333,19.22777778,20.07252747,0,0,0,0,0,0,0,0,95.8,11.8,0
07-Apr-14,SPMC,OLM,L,11,M,OLMN9L,3,6,0,2,1,0.5,38.2,1,90,,1,68.4,29.56,28.52222222,24.29340659,16.06666667,9.294444444,4.220879121,13.49333333,19.22777778,20.07252747,0,0,0,0,0,0,0,0,95.8,11.8,0
14-Apr-14,SCYM,INF,L,11,M,INFN5L,4,9,2,3,2,0.666666667,41.2,,,,0,,28.64666667,28.525,23.61868132,10.35333333,11.26875,2.823076923,18.29333333,17.25625,20.7956044,0,0,0,0,0,0,0,0,136.4,11.4,0
14-Apr-14,PMCH,INF,L,11,M,INFN5L,4,9,2,3,2,0.666666667,41.6,1,90,,1,78.8,28.64666667,28.525,23.61868132,10.35333333,11.26875,2.823076923,18.29333333,17.25625,20.7956044,0,0,0,0,0,0,0,0,136.4,11.4,0
18-Apr-14,SYMS,BMD,L,11,M,BMDN8L,4,4,0,3,2,0.666666667,37.6,,,,0,,28.86923077,27.80588235,23.56813187,9.023076923,10.37647059,2.535164835,19.84615385,17.42941176,21.03296703,0,0,0,0,0,0,0,0,136,11.4,0
18-Apr-14,HHHM,BMD,L,11,F,BMDN8L,4,4,0,3,2,0.666666667,42.8,,,,0,,28.86923077,27.80588235,23.56813187,9.023076923,10.37647059,2.535164835,19.84615385,17.42941176,21.03296703,0,0,0,0,0,0,0,0,136,11.4,0
18-Apr-14,PMGR,BMD,L,11,M,BMDN8L,4,4,0,3,2,0.666666667,44.9,,,,0,,28.86923077,27.80588235,23.56813187,9.023076923,10.37647059,2.535164835,19.84615385,17.42941176,21.03296703,0,0,0,0,0,0,0,0,136,11.4,0
15-Oct-14,GRXM,MLT,M,13,M,MLTN1M,3,3,,3,2,0.666666667,39.8,0,9,,0,,29.52,31.2875,35.78,9.613333333,10.2375,16.62527473,19.90666667,21.05,18.44725275,0,0,0,1,3,0.2,50,0.5,5.2,1.8,1
15-Oct-14,SPXM,MLT,M,13,F,MLTN1M,3,3,,3,2,0.666666667,41.8,1,90,,1,,29.52,31.2875,35.07252747,9.613333333,10.2375,16.62527473,19.90666667,21.05,18.44725275,0,0,0,1,3,0.2,50,0.555555556,5.2,31.6,1
15-Oct-14,MXCH,MLT,M,13,M,MLTN1M,3,3,,3,2,0.666666667,40.4,1,90,,1,,29.52,31.2875,35.07252747,9.613333333,10.2375,16.62527473,19.90666667,21.05,18.44725275,0,0,0,1,3,0.2,50,0.555555556,5.2,31.6,1
17-Oct-14,OCXM,CTR,M,14,F,CTRN1M,3,3,,1,0,0,48.8,1,90,,0,,29.22666667,30.85,35.04725275,8.866666667,10.1375,16.54395604,20.36,20.7125,18.5032967,0,0,0,0,2,0.133333333,49,0.544444444,5.2,31.6,1
27-Oct-14,SCHM,BMD,M,11,M,BMDN1M,2,5,0,3,2,0.666666667,22.4,0,5,,0,,31.11333333,32.79,32.5,10.17333333,13.97,17.23626374,20.94,18.82,17.86483516,0,2,0.142857143,1,6,0.315789474,51,0.166666667,6.4,3.2,1
27-Oct-14,PMBT,BMD,M,11,F,BMDN1M,2,5,0,3,2,0.666666667,32.9,0,5,,0,,31.11333333,32.79,32.5,10.17333333,13.97,17.23626374,20.94,18.82,17.86483516,0,2,0.142857143,1,6,0.315789474,51,0.166666667,6.4,3.2,1
28-Oct-14,CLXM,PIX,M,11,M,PIXN1M,3,3,,3,1,0.333333333,29.7,1,90,,1,,32.3,32.95,35.22307692,9.986666667,15.7,17.3,22.31333333,17.25,17.92307692,1,5,0.357142857,0,4,0.266666667,52,0.577777778,4.8,38,1
28-Oct-14,OSMX,PIX,M,11,F,PIXN1M,3,3,,3,1,0.333333333,27.9,1,90,,1,,32.3,32.95,35.22307692,9.986666667,15.7,17.3,22.31333333,17.25,17.92307692,1,5,0.357142857,0,4,0.266666667,52,0.577777778,4.8,38,1
29-Oct-14,CGMC,RNB,M,13,M,RNBN1M,4,6,3,3,2,0.666666667,35.8,0,26,,0,,31.05384615,33.73125,32.803703,9.323076923,15.525,17.1956044,21.73076923,18.20625,17.93186813,1,3,0.25,1,6,0.4,51,0.333333333,4.8,11.4,1
29-Oct-14,SMLL,RNB,M,13,F,RNBN1M,4,6,3,3,2,0.666666667,40.8,1,90,67.9,0,,31.05384615,33.73125,35.12747253,9.323076923,15.525,17.1956044,21.73076923,18.20625,17.93186813,1,3,0.25,1,6,0.4,51,0.566666667,4.8,38,1
29-Oct-14,BTPM,RNB,M,13,M,RNBN1M,4,6,3,3,2,0.666666667,41.5,1,90,69.17,1,72.5,31.05384615,33.73125,35.12747253,9.323076923,15.525,17.1956044,21.73076923,18.20625,17.93186813,1,3,0.25,1,6,0.4,51,0.566666667,4.8,38,1
30-Oct-14,WYMB,HAR,M,13,M,HARN1M,4,4,1,2,1,0.5,38,1,90,71.45,1,76.4,31.23333333,33.73125,35.12747253,10.19333333,15.525,17.1956044,21.04,18.20625,17.93186813,1,3,0.214285714,1,6,0.4,51,0.566666667,6.4,38,1
30-Oct-14,MRPP,HAR,M,13,F,HARN1M,4,4,1,2,1,0.5,41.8,1,90,67.1,1,75.2,31.23333333,33.73125,35.12747253,10.19333333,15.525,17.1956044,21.04,18.20625,17.93186813,1,3,0.214285714,1,6,0.4,51,0.566666667,6.4,38,1
01-Nov-14,WTMY,OLM,M,13,F,OLMN1M,6,6,0,3,1,0.333333333,28.7,1,90,,1,,32.00666667,33.1125,35.26703297,9.693333333,15.5375,17.25494505,22.31333333,17.575,18.01208791,1,5,0.357142857,0,4,0.266666667,52,0.577777778,4.8,38,1
01-Nov-14,RMBS,OLM,M,13,F,OLMN1M,6,6,0,3,1,0.333333333,38.8,1,90,,1,67.9,32.00666667,33.1125,35.26703297,9.693333333,15.5375,17.25494505,22.31333333,17.575,18.01208791,1,5,0.357142857,0,4,0.266666667,52,0.577777778,4.8,38,1
01-Nov-14,GOLM,OLM,M,13,M,OLMN1M,6,6,0,3,1,0.333333333,43.7,1,90,64.4,1,76.9,32.00666667,33.1125,35.26703297,9.693333333,15.5375,17.25494505,22.31333333,17.575,18.01208791,1,5,0.357142857,0,4,0.266666667,52,0.577777778,4.8,38,1
03-Nov-14,PMCL,SND,M,12,M,SNDN3M,4,4,3,3,1,0.333333333,34.6,1,90,66.35,1,67.1,33.26,33.20625,35.20659341,10.92,16.16875,17.14175824,22.34,17.0375,18.06483516,1,5,0.357142857,0,5,0.333333333,52,0.577777778,4.8,38,1
03-Nov-14,GMHH,SND,M,12,F,SNDN3M,4,4,3,3,1,0.333333333,39.2,1,90,67.4,1,70.9,33.26,33.20625,35.20659341,10.92,16.16875,17.14175824,22.34,17.0375,18.06483516,1,5,0.357142857,0,5,0.333333333,52,0.577777778,4.8,38,1
03-Nov-14,SMBY,SND,M,12,F,SNDN3M,4,4,3,3,1,0.333333333,43.6,1,90,67.6,1,72.4,33.26,33.20625,35.20659341,10.92,16.16875,17.14175824,22.34,17.0375,18.06483516,1,5,0.357142857,0,5,0.333333333,52,0.577777778,4.8,38,1
14-Nov-14,WRMR,CMF,M,12,F,CMFN3M,4,4,1,2,0,0,43.8,1,90,65.45,1,73.1,32.51666667,31.66470588,35.89120879,16.49166667,13.04117647,17.80549451,16.025,18.62352941,18.08571429,0,3,0.272727273,0,3,0.1875,58,0.644444444,4,34.8,1
19-Nov-14,MSTY,INF,M,13,M,INFN3M,5,5,3,2,1,0.5,45,1,90,63.9,1,67.3,32.70666667,32.9173913,35.98571429,15.78,13.93478261,18.15274725,16.92666667,18.9826087,17.83296703,0,3,0.214285714,1,7,0.318181818,59,0.655555556,4,37.6,1
19-Nov-14,WMPR,INF,M,13,F,INFN3M,5,5,3,2,1,0.5,44.8,1,90,,0,,32.70666667,32.9173913,35.98571429,15.78,13.93478261,18.15274725,16.92666667,18.9826087,17.83296703,0,3,0.214285714,1,7,0.318181818,59,0.655555556,4,37.6,1
22-Nov-14,GLWM,HLV,M,11,F,HLVN2M,4,4,2,2,1,0.5,36.2,0,6,,0,,33.06666667,33.0826087,36.128571,16.33333333,14.0173913,18.4021978,16.73333333,19.06521739,17.58571429,0,4,0.285714286,1,9,0.409090909,58,0.714285714,5.8,2.8,1
22-Nov-14,BYCM,HLV,M,12,M,HLVN2M,4,4,2,2,1,0.5,45.2,1,90,66.8,1,67.2,33.06666667,33.0826087,35.98791209,16.33333333,14.0173913,18.4021978,16.73333333,19.06521739,17.58571429,0,4,0.285714286,1,9,0.409090909,58,0.644444444,5.8,38,1
01-Dec-14,MORP,SOX,M,11,M,SOXN1M,3,3,6,3,2,0.666666667,,1,90,,0,,32.15333333,35.53125,35.94835165,13.36,15.53125,18.40659341,18.79333333,20,17.54175824,0,3,0.214285714,1,11,0.733333333,56,0.622222222,12.2,37.4,1
01-Dec-14,HTML,SOX,M,11,M,SOXN1M,3,3,6,3,2,0.666666667,,1,90,,1,,32.15333333,35.53125,35.94835165,13.36,15.53125,18.40659341,18.79333333,20,17.54175824,0,3,0.214285714,1,11,0.733333333,56,0.622222222,12.2,37.4,1
11-Dec-14,TMTT,JBW,M,11,M,JBWN4M,5,5,1,1,1,1,41.9,1,90,,1,73.4,35.22142857,36.04,35.85494505,15.51428571,18.72,18.47802198,19.70714286,17.32,17.37692308,1,9,0.692307692,1,9,0.642857143,56,0.622222222,20.8,42.2,1
16-Dec-14,HMPR,OSD,M,12,F,OSDN3M,3,3,0,3,1,0.333333333,29.7,0,3,,0,,35.36,36.0625,37.525,15.7,18.3875,18.48681319,19.66,17.675,17.37802198,1,10,0.714285714,1,9,0.6,56,1,20.8,0,1
16-Dec-14,LYSM,OSD,M,12,F,OSDN3M,3,3,0,3,1,0.333333333,28.6,0,3,,0,,35.36,36.0625,37.525,15.7,18.3875,18.48681319,19.66,17.675,17.37802198,1,10,0.714285714,1,9,0.6,56,1,20.8,0,1
16-Dec-14,MSTO,OSD,M,13,M,OSDN3M,3,3,0,3,1,0.333333333,38.2,1,90,,0,,35.36,36.0625,35.86483516,15.7,18.3875,18.48681319,19.66,17.675,17.37802198,1,10,0.714285714,1,9,0.6,56,0.622222222,20.8,45.8,1
09-Oct-15,SMTT,SRC,N,11,F,SRCN1N,4,4,,3,1,0.333333333,23.9,,,,0,,35.42666667,33.20625,,18.60666667,13.4625,19.64725275,16.82,19.74375,16.88681319,1,13,0.928571429,1,7,0.466666667,60,,22,,1
09-Oct-15,MYYY,SRC,N,11,F,SRCN1N,4,4,,3,1,0.333333333,18.2,0,36,,0,,35.42666667,33.20625,35.07675,18.60666667,13.4625,19.64725275,16.82,19.74375,16.88681319,1,13,0.928571429,1,7,0.466666667,60,0.567567568,22,0,1
09-Oct-15,WYMP,SRC,N,11,M,SRCN1N,4,4,,3,1,0.333333333,24.4,0,44,,0,,35.42666667,33.20625,35.095555,18.60666667,13.4625,19.64725275,16.82,19.74375,16.88681319,1,13,0.928571429,1,7,0.466666667,60,0.555555556,22,0,1
10-Oct-15,STMP,ICE,N,11,M,ICEN1N,5,5,,2,2,1,30.7,,,,0,,35.37333333,33.525,36.53406593,17.38,14.105,19.64725275,17.99333333,19.42,16.88681319,1,12,0.857142857,1,10,0.526315789,60,0.666666667,12.8,0,1
10-Oct-15,GLSM,ICE,N,11,M,ICEN1N,5,5,,2,2,1,35.1,1,90,,1,75,35.37333333,33.525,36.53406593,17.38,14.105,19.64725275,17.99333333,19.42,16.88681319,1,12,0.857142857,1,10,0.526315789,60,0.666666667,12.8,0,1
11-Oct-15,COMS,BMD,N,12,M,BMDN1N,5,5,,3,1,0.333333333,37.6,1,90,,1,,34.86666667,33.81818182,36.48681319,16.93333333,14.64545455,19.7032967,17.93333333,19.17272727,16.78351648,1,11,0.785714286,1,12,0.571428571,59,0.655555556,12.8,2.6,1
11-Oct-15,SMPL,BMD,N,12,F,BMDN1N,5,5,,3,1,0.333333333,38.2,0,8,,0,,34.86666667,33.81818182,38.22222,16.93333333,14.64545455,19.7032967,17.93333333,19.17272727,16.78351648,1,11,0.785714286,1,12,0.571428571,59,1,12.8,0,1
11-Oct-15,GWLM,BMD,N,12,F,BMDN1N,5,5,,3,1,0.333333333,32.4,0,8,,0,,34.86666667,33.81818182,38.22222,16.93333333,14.64545455,19.7032967,17.93333333,19.17272727,16.78351648,1,11,0.785714286,1,12,0.571428571,59,1,12.8,0,1
13-Oct-15,POML,HAR,N,12,M,HARN1N,6,6,,3,1,0.333333333,27,1,90,,1,78.3,36.45333333,33.485,36.48681319,17.90666667,14.24,19.7032967,18.54666667,19.245,16.78351648,1,13,0.928571429,1,10,0.526315789,59,0.655555556,12.8,2.6,1
13-Oct-15,THMB,HAR,N,12,F,HARN1N,6,6,,3,1,0.333333333,32.5,0,5,,0,,36.45333333,33.485,38.33333,17.90666667,14.24,19.7032967,18.54666667,19.245,16.78351648,1,13,0.928571429,1,10,0.526315789,59,1,12.8,0,1
13-Oct-15,GYMR,HAR,N,12,F,HARN1N,6,6,,3,1,0.333333333,36.7,1,90,,1,73.8,36.45333333,33.485,36.48681319,17.90666667,14.24,19.7032967,18.54666667,19.245,16.78351648,1,13,0.928571429,1,10,0.526315789,59,0.655555556,12.8,2.6,1
20-Oct-15,SMOC,CMF,N,12,F,CMFN1N,4,4,2,2,0,0,,0,19,,0,,34.69333333,35.44375,35.455,17.89333333,15.44375,19.84945055,16.8,20,16.27802198,1,11,0.785714286,1,10,0.666666667,55,0.6,16,0,1
26-Oct-15,TWTM,SND,N,14,F,SNDN1N,5,5,4,2,0,0,42.9,0,23,,0,,33.78,36.2625,33.879167,14.84666667,17.4375,19.58351648,18.93333333,18.825,16.3043956,1,7,0.5,1,13,0.866666667,51,0.416666667,16.6,0,1
26-Oct-15,OLMB,SND,N,14,F,SNDN1N,5,5,4,2,0,0,45,1,90,,1,70,33.78,36.2625,35.88791209,14.84666667,17.4375,19.58351648,18.93333333,18.825,16.3043956,1,7,0.5,1,13,0.866666667,51,0.566666667,16.6,15.2,1
03-Nov-15,ROOM,OSD,N,13,M,OSDN1N,3,3,1,3,2,0.666666667,31.4,0,16,,0,,35.14,35.14375,34.194118,14.94666667,18.2,20.23406593,20.19333333,16.94375,16.06483516,1,9,0.642857143,1,9,0.6,55,0.411764706,16.6,0,1
03-Nov-15,BMGL,OSD,N,13,M,OSDN1N,3,3,1,3,2,0.666666667,33.6,0,25,,0,,35.14,35.14375,34.723707,14.94666667,18.2,20.23406593,20.19333333,16.94375,16.06483516,1,9,0.642857143,1,9,0.6,55,0.461538462,16.6,0,1
03-Nov-15,MSTT,OSD,N,13,F,OSDN1N,3,3,1,3,2,0.666666667,33.7,0,52,,0,,35.14,35.14375,35.990566,14.94666667,18.2,20.23406593,20.19333333,16.94375,16.06483516,1,9,0.642857143,1,9,0.6,55,0.58490566,16.6,0,1
04-Nov-15,MTCH,OLM,N,14,M,OLMN1N,7,7,1,3,2,0.666666667,44.4,0,18,,0,,35.19333333,34.86666667,34.268321,15.00666667,18.22666667,20.23406593,20.18666667,16.64,16.06483516,1,9,0.642857143,1,8,0.571428571,55,0.421052632,16.6,0,1
04-Nov-15,PHMR,OLM,N,14,F,OLMN1N,7,7,1,3,2,0.666666667,50.2,0,58,,0,,35.19333333,34.86666667,36.361017,15.00666667,18.22666667,20.23406593,20.18666667,16.64,16.06483516,1,9,0.642857143,1,8,0.571428571,55,0.610169492,16.6,0,1
04-Nov-15,BOMC,OLM,N,14,M,OLMN1N,7,7,1,3,2,0.666666667,47.9,1,90,,1,,35.19333333,34.86666667,36.2989011,15.00666667,18.22666667,20.23406593,20.18666667,16.64,16.06483516,1,9,0.642857143,1,8,0.571428571,55,0.611111111,16.6,22.4,1
11-Nov-15,GOMX,MLT,N,11,F,MLTN1N,4,4,2,3,1,0.333333333,31.7,1,90,,0,,35.62666667,35.21875,36.61208791,17.84666667,16.25625,20.91978022,17.78,18.9625,15.69230769,1,11,0.785714286,1,7,0.466666667,60,0.666666667,18.8,22.8,1
19-Nov-15,MHTT,RNB,N,12,M,RNBN2N,6,7,4,2,1,0.5,39.2,0,6,,0,,34.6,33.46470588,36.685714,16.26666667,15.34705882,21.37142857,18.33333333,18.11764706,15.54065934,1,8,0.571428571,1,5,0.3125,63,0.428571429,12.6,0,1
19-Nov-15,MSGS,RNB,N,13,F,RNBN2N,6,7,4,2,1,0.5,39.8,1,90,58.2,0,,34.6,33.46470588,36.91208791,16.26666667,15.34705882,21.37142857,18.33333333,18.11764706,15.54065934,1,8,0.571428571,1,5,0.3125,63,0.7,12.6,26,1
11-Aug-16,MXGC,MRT,N,11,M,MRTN1N,4,4,,2,,,38.9,,,,0,,,,,,,,,,,,,,,,,16,,,,1
18-Oct-16,MYGB,JBW,P,11,M,JBWN1P,6,8,3,3,0,,46.9,1,90,77.5,1,80.3,29.3,31.27222222,35.36593407,6.333333333,9.983333333,18.00846736,22.96666667,21.28888889,17.3574667,0,1,0.071428571,0,2,0.117647059,51,0.566666667,0.2,127.6,0
18-Oct-16,RWOM,JBW,P,11,F,JBWN1P,6,8,3,3,0,,42.6,1,90,,1,69.7,29.3,31.27222222,35.36593407,6.333333333,9.983333333,18.00846736,22.96666667,21.28888889,17.3574667,0,1,0.071428571,0,2,0.117647059,51,0.566666667,0.2,127.6,0
20-Oct-16,TRWM,NOL,P,12,M,NOLN1P,3,3,1,1,1,1,38.6,0,24,,0,,29.24285714,31.59473684,35.884,6.585714286,10.15300474,18.1502256,22.65714286,21.44173211,17.22559857,0,1,0.076923077,1,3,0.166666667,51,0.64,0.2,2.6,0
21-Oct-16,MRRW,RNB,P,12,M,RNBN1P,2,3,0,2,2,1,44.1,0,34,,0,,29.07058824,32.12,35.742857,5.941176471,11.05333333,18.00846736,23.12941176,21.06666667,17.3574667,0,1,0.0625,0,2,0.142857143,51,0.628571429,0.2,11,0
21-Oct-16,BGMW,RNB,P,12,F,RNBN1P,2,3,0,2,2,1,41.3,1,90,,1,70.9,29.07058824,32.12,35.36593407,5.941176471,11.05333333,18.00846736,23.12941176,21.06666667,17.3574667,0,1,0.0625,0,2,0.142857143,51,0.566666667,0.2,127.6,0
23-Oct-16,MBCT,HAR,P,12,F,HARN1P,5,5,0,2,0,,41.3,1,90,68.8,1,73.1,28.30666667,32.45,35.37582418,5.406666667,11.18794313,18.1502256,22.9,21.26205688,17.22559857,0,0,0,1,3,0.2,51,0.566666667,0.4,129.4,0
28-Nov-16,BBOM,MLT,P,11,M,MLTN2P,4,5,3,3,2,0.666666667,32.3,1,90,64.7,0,,35.22857143,36.84444444,33.60769231,15.66428571,17.12777778,18.7010989,19.56428571,19.71666667,14.90659341,1,8,0.615384615,1,13,0.764705882,27,0.3,0.8,213.8,0
28-Nov-16,WMTR,MLT,P,11,F,MLTN2P,4,5,3,3,2,0.666666667,35.9,1,90,66.9,1,66.9,35.22857143,36.84444444,33.60769231,15.66428571,17.12777778,18.7010989,19.56428571,19.71666667,14.90659341,1,8,0.615384615,1,13,0.764705882,27,0.3,0.8,213.8,0
28-Nov-16,GLMY,MLT,P,11,M,MLTN2P,4,5,3,3,2,0.666666667,35.1,1,90,,1,63.25,35.22857143,36.84444444,33.60769231,15.66428571,17.12777778,18.7010989,19.56428571,19.71666667,14.90659341,1,8,0.615384615,1,13,0.764705882,27,0.3,0.8,213.8,0
19-Dec-16,SMRL,BMD,P,12,M,BMDN3P,6,6,2,3,1,0.333333333,36.9,0,8,,0,,38.53333333,36.88571429,35.822222,18.96,19.25,17.88324582,19.57333333,17.63571429,14.8120289,1,15,1,1,11,0.846153846,12,0.628571429,11.6,11,0
19-Dec-16,TOYM,BMD,P,12,F,BMDN3P,6,6,2,3,1,0.333333333,36.5,0,8,,0,,38.53333333,36.88571429,35.822222,18.96,19.25,17.88324582,19.57333333,17.63571429,14.8120289,1,15,1,1,11,0.846153846,12,0.628571429,11.6,11,0
19-Dec-16,MPHO,BMD,P,12,F,BMDN3P,6,6,2,3,1,0.333333333,37.4,0,8,,0,,38.53333333,36.88571429,35.822222,18.96,19.25,17.88324582,19.57333333,17.63571429,14.8120289,1,15,1,1,11,0.846153846,12,0.133333333,11.6,11,0
08-Jan-17,GMCY,OLM,P,11,F,OLMN4P,6,6,2,3,1,0.333333333,35,1,90,,1,,36.75333333,31.68888889,32.82038961,19.22,19.95,16.75168292,17.53333333,11.73888889,16.06870669,1,10,0.714285714,1,4,0.235294118,7,0.077777778,12.4,98.4,0
08-Jan-17,TMBR,OLM,P,11,M,OLMN4P,6,6,2,3,1,0.333333333,41,,,,0,,36.75333333,31.68888889,32.82038961,19.22,19.95,16.75168292,17.53333333,11.73888889,16.06870669,1,10,0.714285714,1,4,0.235294118,7,0.077777778,12.4,98.4,0
08-Jan-17,PYMH,OLM,P,11,F,OLMN4P,6,6,2,3,1,0.333333333,40,1,90,,1,63.9,36.75333333,31.68888889,32.82038961,19.22,19.95,16.75168292,17.53333333,11.73888889,16.06870669,1,10,0.714285714,1,4,0.235294118,7,0.077777778,12.4,98.4,0
18-Jan-17,BMWW,SEL,P,14,F,SELN1P,3,3,0,1,0,0,47.7,,,,0,,33.71333333,31.81875,32.66295775,19.03333333,19.50625,16.57436035,14.68,12.3125,16.08859739,1,7,0.5,0,1,0.066666667,6,0.066666667,29.8,98.2,0
26-Jan-17,PMTO,SOX,P,12,M,SOXN4P,3,3,0,2,2,1,41.04,1,90,,0,,31.09411765,33.8,32.47576271,19.70588235,15.98125,16.92677263,11.38823529,17.81875,15.54899008,0,2,0.125,0,2,0.133333333,4,0.044444444,33,96.4,0
26-Jan-17,CSMC,SND,P,11,F,SNDN4P,5,8,5,3,0,0,35.61,1,90,,1,,30.71333333,33.8,32.47576271,19.42,15.98125,16.92677263,11.29333333,17.81875,15.54899008,0,1,0.071428571,0,2,0.133333333,4,0.044444444,60,96.4,0
26-Jan-17,BLMT,SND,P,11,F,SNDN4P,5,8,5,3,0,0,37.78,1,90,,1,,30.71333333,33.8,32.47576271,19.42,15.98125,16.92677263,11.29333333,17.81875,15.54899008,0,1,0.071428571,0,2,0.133333333,4,0.044444444,60,96.4,0
26-Jan-17,ORSM,SND,P,11,F,SNDN4P,5,8,5,3,0,0,38.26,1,90,,1,,30.71333333,33.8,32.47576271,19.42,15.98125,16.92677263,11.29333333,17.81875,15.54899008,0,1,0.071428571,0,2,0.133333333,4,0.044444444,60,96.4,0
26-Jan-17,RYHM,SOX,P,12,M,SOXN4P,3,3,0,2,2,1,44.49,1,90,,1,,31.09411765,33.8,32.47576271,19.70588235,15.98125,16.92677263,11.38823529,17.81875,15.54899008,0,2,0.125,0,2,0.133333333,4,0.044444444,33,96.4,0
05-Feb-17,BYBM,BMD,P,12,M,BMDN4P,5,5,2,3,3,1,46.98,0,13,,0,,33.11333333,32.55882353,31.742857,19.00666667,16.72941176,16.3975917,14.10666667,15.82941176,16.1538083,0,2,0.142857143,0,1,0.0625,4,0.071428571,114,53.6,0
05-Feb-17,TMGL,BMD,P,12,M,BMDN4P,5,5,2,3,3,1,49.15,1,90,,1,,33.11333333,32.55882353,32.5514,19.00666667,16.72941176,16.3975917,14.10666667,15.82941176,16.1538083,0,2,0.142857143,0,1,0.0625,4,0.044444444,114,74.6,0
05-Feb-17,RTHM,BMD,P,12,M,BMDN4P,5,5,2,3,3,1,46.41,,,,0,,33.11333333,32.55882353,32.5514,19.00666667,16.72941176,16.3975917,14.10666667,15.82941176,16.1538083,0,2,0.142857143,0,1,0.0625,4,0.044444444,114,74.6,0
07-Feb-17,PLMC,RNB,P,11,M,RNBN2P,2,3,0,2,1,0.5,40.51,1,90,,1,,33.7,32.70625,32.55145833,17.14666667,17.775,16.19332469,16.55333333,14.93125,16.35813365,0,2,0.142857143,0,1,0.066666667,4,0.044444444,125.2,74.6,0
07-Feb-17,TMYH,RNB,P,11,F,RNBN2P,2,3,0,2,1,0.5,44.39,1,90,,1,,33.7,32.70625,32.55145833,17.14666667,17.775,16.19332469,16.55333333,14.93125,16.35813365,0,2,0.142857143,0,1,0.066666667,4,0.044444444,125.2,74.6,0
08-Feb-17,PROM,INF,P,11,F,INFN6P,3,3,1,3,2,0.666666667,40.47,,,,0,,33.7,32.88,32.55145833,16.38666667,18.40666667,16.19332469,17.31333333,14.47333333,16.35813365,0,2,0.142857143,0,1,0.071428571,4,0.044444444,125.2,74.6,0
08-Feb-17,BLMG,INF,P,11,M,INFN6P,3,3,1,3,2,0.666666667,42.65,1,90,,1,,33.7,32.88,32.55145833,16.38666667,18.40666667,16.19332469,17.31333333,14.47333333,16.35813365,0,2,0.142857143,0,1,0.071428571,4,0.044444444,125.2,74.6,0
17-Feb-17,BMGY,CMF,P,11,F,CMFN5P,3,6,1,1,0,0,40.72,0,6,,0,,32.31333333,32.29333333,31.142,16.10666667,19.9,15.24946276,16.20666667,12.39333333,17.41553724,0,1,0.071428571,0,1,0.071428571,3,0,118.4,2.4,0
21-Feb-17,BBBM,OLM,P,11,F,OLMN5P,6,9,0,1,0,0,42.68,,,,0,,32.62,31.69375,,17.58,18.98125,15.01116426,15.04,12.7125,17.93501221,0,1,0.071428571,0,1,0.066666667,3,,118.4,,0
23-Feb-17,TRMS,HAR,P,11,F,HARN3P,4,5,0,4,0,0,34.41,1,90,,1,,32.96666667,31.58823529,33.00870968,19.21333333,18.17647059,14.99611565,13.75333333,13.41176471,18.01259403,0,2,0.142857143,0,1,0.0625,3,0.033333333,118.4,18.6,0
23-Feb-17,TMGO,HAR,P,11,F,HARN3P,4,5,0,4,0,0,38.29,1,90,,1,,32.96666667,31.58823529,33.00870968,19.21333333,18.17647059,14.99611565,13.75333333,13.41176471,18.01259403,0,2,0.142857143,0,1,0.0625,3,0.033333333,118.4,18.6,0
23-Feb-17,CHYM,HAR,P,11,F,HARN3P,4,5,0,4,0,0,44.66,1,90,,1,,32.96666667,31.58823529,33.00870968,19.21333333,18.17647059,14.99611565,13.75333333,13.41176471,18.01259403,0,2,0.142857143,0,1,0.0625,3,0.033333333,118.4,18.6,0
23-Feb-17,SLMY,HAR,P,11,F,HARN3P,4,5,0,4,0,0,45.25,,,,0,,32.96666667,31.58823529,33.00870968,19.21333333,18.17647059,14.99611565,13.75333333,13.41176471,18.01259403,0,2,0.142857143,0,1,0.0625,3,0.033333333,118.4,18.6,0
04-Oct-17,PRMP,BMD,Q,11,M,BMDN1Q,5,7,3,3,2.01,0.67,30.4,1,90,63.7,,,32.4,28.1125,34.12857143,12.38571429,9.5875,14.11538462,20.01428571,18.525,20.01318681,1,4,0.266666667,0,1,0.066666667,42,0.466666667,0,33.2,0
04-Oct-17,BLMB,BMD,Q,11,F,BMDN1Q,5,7,3,3,2.01,0.67,39.2,1,90,62,,,32.4,28.1125,34.12857143,12.38571429,9.5875,14.11538462,20.01428571,18.525,20.01318681,1,4,0.266666667,0,1,0.066666667,42,0.466666667,0,33.2,0
04-Oct-17,SMPO,BMD,Q,11,M,BMDN1Q,5,7,3,3,2.01,0.67,34.5,1,90,62.3,,,32.4,28.1125,34.12857143,12.38571429,9.5875,14.11538462,20.01428571,18.525,20.01318681,1,4,0.266666667,0,1,0.066666667,42,0.466666667,0,33.2,0
10-Oct-17,RBSM,MLT,Q,11,F,MLTN1Q,4,6,4,1,0,0,44,1,90,58.2,,,32.12727273,28.37777778,34.68901099,11.07272727,9.544444444,15.08461538,21.05454545,18.83333333,19.6043956,1,4,0.307692308,0,2,0.117647059,47,0.522222222,0,33.4,0
27-Oct-17,BMPS,RNB,Q,11,M,RNBN1Q,3,5,1,3,2.01,0.67,45.61,0,5,,,,27.95,31.48125,37.266666,8.7375,11.6375,16.48681319,19.2125,19.84375,19.08241758,0,2,0.133333333,0,2,0.133333333,46,0.833333333,15.4,0,0
27-Oct-17,WRRM,RNB,Q,11,F,RNBN1Q,3,5,1,3,2.01,0.67,43.22,0,22,,,,27.95,31.48125,33.630434,8.7375,11.6375,16.48681319,19.2125,19.84375,19.08241758,0,2,0.133333333,0,2,0.133333333,46,0.52173913,15.4,0.6,0
27-Oct-17,LMGR,RNB,Q,11,M,RNBN1Q,3,5,1,3,2.01,0.67,42.99,1,90,63,,,27.95,31.48125,35.56923077,8.7375,11.6375,16.48681319,19.2125,19.84375,19.08241758,0,2,0.133333333,0,2,0.133333333,46,0.511111111,15.4,37.4,0
02-Nov-17,MGCC,JBW,Q,11,M,JBWN2Q,7,8,3,1,1,1,46.15,0,3,,,,30.83333333,34.62142857,35.6,9.02,14.9,16.59450549,21.81333333,19.72142857,19.04175824,0,2,0.142857143,1,7,0.538461538,41,0.5,25,0,0
03-Nov-17,CHMP,OLM,Q,11,F,OLMN1Q,6,8,3,1,0,0,40.2,1,90,57.4,,,30.08666667,34.725,35.62637363,8.326666667,14.68125,16.68021978,21.76,20.04375,18.94615385,0,2,0.142857143,1,8,0.533333333,40,0.444444444,25,42.6,0
06-Nov-17,CMYT,CMF,Q,11,M,CMFN2Q,4,4,2,3,2.01,0.67,40.1,1,90,58.6,,,30.13076923,35.32352941,35.52637363,9.6,14.4,17.04615385,20.53076923,20.92352941,18.48021978,0,1,0.083333333,1,10,0.625,38,0.422222222,25,58.6,0
06-Nov-17,GPSM,CMF,Q,11,M,CMFN2Q,4,4,2,3,2.01,0.67,30.65,0,3,,,,30.13076923,35.32352941,35.3,9.6,14.4,17.04615385,20.53076923,20.92352941,18.48021978,0,1,0.083333333,1,10,0.625,38,0.666666667,25,0.6,0
06-Nov-17,BYOM,CMF,Q,11,F,CMFN2Q,4,4,2,3,2.01,0.67,40.9,0,0,,,,30.13076923,35.32352941,38.2,9.6,14.4,17.04615385,20.53076923,20.92352941,18.48021978,0,1,0.083333333,1,10,0.625,38,1,25,0,0
06-Jan-18,SOMG,TMT,Q,11,M,TMTN2Q,4,4,0,2,1,0.5,27.38,0,2,,,,35.29285714,36.97692308,34.95,16.08571429,16.78461538,16.97094551,19.20714286,20.19230769,15.70230653,1,8,0.615384615,0,10,0.769230769,10,0,23.2,0,0
02-Nov-18,SMHR,GHO,R,11,F,GHON1R,4,4,0,3,0.99,0.33,38.6,1,90,62.25,,,30.16923077,32.24,36.782,,,,,,,,,0.142857143,,,0.285714286,,,0,25.2,1
02-Nov-18,SPMG,GHO,R,11,M,GHON1R,4,4,0,3,0.99,0.33,36.3,0,10,,,,30.16923077,32.24,37.945455,,,,,,,,,0.142857143,,,0.285714286,,0.818181818,0,0,1
15-Nov-18,MOYO,NOL,R,11,F,NOLN1R,3,3,0,5,3.75,0.75,28.8,0,5,,,,32.59230769,35.79333333,34.683333,,,,,,,,,0.285714286,,,0.714285714,,0.5,1,0,1
15-Nov-18,GYMB,NOL,R,11,F,NOLN1R,3,3,0,5,3.75,0.75,22.4,0,2,,,,32.59230769,35.79333333,32.866666,,,,,,,,,0.285714286,,,0.714285714,,0.333333333,1,0,1
15-Nov-18,PRMC,NOL,R,11,F,NOLN1R,3,3,0,5,3.75,0.75,30.1,0,21,,,,32.59230769,35.79333333,34.452381,,,,,,,,,0.285714286,,,0.714285714,,0.428571429,1,13.2,1
18-Nov-18,MYGY,PIX,R,11,F,PIXN1R,4,4,4,3,0,0,31.1,1,90,71.3,,,32.16153846,36.63125,36.551,,,,,,,,,0.285714286,,,0.733333333,,,1,63.2,1
18-Nov-18,TMOR,PIX,R,11,F,PIXN1R,4,4,4,3,0,0,21.5,0,7,,,,32.16153846,36.63125,35.6375,,,,,,,,,0.285714286,,,0.733333333,,0.625,1,13.2,1
18-Nov-18,BSMO,PIX,R,11,F,PIXN1R,4,4,4,3,0,0,18.6,0,2,,,,32.16153846,36.63125,37.766666,,,,,,,,,0.285714286,,,0.733333333,,1,1,1,1
24-Nov-18,MOBO,RNB,R,11,F,RNBN2R,4,4,2,3,0.99,0.33,35.8,1,90,66.75,,,30.69,,,,,,,,,,,,,,,,,,,1
03-Dec-18,MRPL,TNL,R,11,F,TNLN2R,4,4,0,2,1,0.5,40.8,1,90,,,,35.38823529,34.78823529,36.8,,,,,,,,,0.611111111,,,0.5,,,1.2,50,1
03-Dec-18,MSHO,TNL,R,11,M,TNLN2R,4,4,0,2,1,0.5,37.2,0,4,,,,35.38823529,34.78823529,34.38,,,,,,,,,0.611111111,,,0.5,,0.6,1.2,0,1
07-Dec-18,COMO,MLT,R,11,M,MLTN2R,4,4,5,1,1,1,43.6,1,90,,,,36.78461538,35.45238095,36.629,,,,,,,,,0.714285714,,,0.6,,,1.2,74,1
