Group,Season,NestCode,IncPeriod,IncPeriodHatchedNests,BroodPeriod,BroodPeriodFledgedNests,Period90,TotPerCutOff,Event,HatchCatNum,EventInc,FledgeCatNum,EventBr,FledgeExclNotHatched,NoChicksHatched,NoChicksFledged,MeanTmaxInc,MeanTmaxBrood,GrpSizeAD,RainfallTwoMonthsPrior,PropHotDaysInc,PropHotDaysBr,MeanTmax90,PropHotDays90,Rain90,PairTenure,LongestDom,AveTmax,AvePropHot,TotRain,SurvInd,MeanTminInc,MeanTminBr,MeanTmvarInc,MeanTvarBr,MeanTmin90,MeanTvar90
RNB,P,RNBN1P,16,16,14,14,90,120,0,1,0,1,0,1,0,,29.55625,32.32666667,2,0,0.0625,0.142857143,35.36593466,0.566666667,127.6,0,1,32.41628378,0.45,127.6,1,5.941176476,11.53333333,23.12941176,21.66666667,18.00846736,17.3574667
RNB,P,RNBN2P,14,14,15,15,90,119,0,1,0,1,0,1,3,2,33.7,32.70625,2,125.2,0.142857143,0.066666667,32.551,0.077777778,111.2,0,1,32.98575,0.084033613,236.4,1,17.14666667,17.775,16.55333333,14.93125,9.432342912,9.579153571
INF,Q,INFN2Q,13,13,4,,0,17,1,1,0,0,1,0,2,0,30.98571429,34.82,2,25,0.076923077,0.75,,,,2,2,32.90285715,0.235294118,25,0,12.11111111,15.98,19.96428571,18.84,,
INF,Q,INFN3Q,4,,,,0,4,1,0,1,0,1,,,,35.04,,2,29,0.5,0,,,,2,2,35.04,0.5,29,0,14.18,,2.86,,,
BAL,C,BALN3C,14,14,16,16,90,120,0,1,0,1,0,1,,2,31.46,33.28235294,2,50.7,0.285714286,0.125,26.91648352,0.022222222,163.48,0,1,30.55294549,0.066666667,214.18,1,2.613333333,2.688235294,1.846666667,12.59411765,11.56043956,15.35604396
INF,C,INFN4C,6,,,,0,6,1,0,1,0,1,,,0,34.84285714,,2,50.4,0.833333333,,,,,0,0,34.84285714,0.833333333,50.4,0,23.42857143,,11.8,,,
JET,C,JETN2C,14,14,12,,0,26,1,1,0,0,1,0,,0,29.15333333,31.00769231,2,102.1,0,0.083333333,,,,0,0,30.08051282,0.038461538,102.1,0,15.5,18.29237692,13.65333333,12.71538462,,
SHA,D,SHAN1D,14,14,9,,0,23,1,1,0,0,1,0,,0,35.52666667,30.54,2,48.4,0.785714286,0,,,,0,1,33.03333333,0.47826087,48.4,0,17.8,13.6,18.44666667,17.48,,
SHA,D,SHAN2D,7,,,,0,7,1,0,1,0,1,,,0,34.3375,,2,66.8,0.571428571,,,,,0,1,34.3375,0.571428571,66.8,0,18.7375,,15.6,,,
HAR,E,HARN2E,14,14,15,15,90,119,0,1,0,1,0,1,,1,32.71333333,29.68125,2,12.4,0.285714286,0,37.46923769,0.822222222,196.2,0,3,33.28794034,0.655462185,208.6,1,17.25333333,15.69375,15.46,13.9875,19.12087912,18.72307692
HAR,E,HARN3E,15,15,13,13,5,33,1,1,0,1,0,1,,2,33.925,32.15,2,78.2,0.333333333,0.076923077,36.4,0.666666667,0,0,3,34.15833333,0.303030303,78.2,0,18.68125,19.71428571,15.24375,13.14285714,19.58,13.52
HOG,E,HOGN4E,13,13,15,15,90,118,0,1,0,1,0,1,,2,32.95714286,32.86875,2,86.8,0.076923077,0.266666667,33.69,0.244444444,128.2,0,0,33.17196429,0.228813559,215,1,17.44285714,19.31875,15.51428571,13.55,19.62,13.44
HOG,E,HOGN5E,15,15,17,17,90,120,0,1,0,1,0,1,,2,34.4875,32.71666667,2,110,0.466666667,0.176470588,27.67,0,91.6,0,0,31.62472222,0.081967213,201.6,1,21.5,19.51111111,13.4375,13.25555556,11.68,15.99
PHN,E,PHNN1E,5,,,,0,5,1,0,1,0,1,,,0,36.55,,2,110,1,,,,,0,0,36.55,1,110,0,21.3,,15.25,,,
SHA,E,SHAN2E,15,15,17,17,90,120,0,1,0,1,0,1,,2,29.175,33.26111111,2,26,0,0.294117647,38.57912879,0.855555556,201.7,0,0,33.67174663,0.672131148,227.7,1,16.19375,16.2,12.98125,17.61111111,19.95054945,18.62857143
SHA,E,SHAN3E,14,14,15,15,69,98,1,1,0,1,0,1,,1,33.4,33.15,2,114.4,0.285714286,0.266666667,32.947,0.214285714,72.8,0,0,33.16566667,0.234693878,187.2,0,19.34,19.85,14.6,13.3,,
HAR,F,HARN1F,16,16,10,,0,26,1,1,0,0,1,0,,0,34.84705882,36.68181818,2,24.2,0.375,0.8,,,,0,4,35.7644385,0.538461538,24.2,0,2.582352941,21.34545455,14.26475882,15.33636364,,
CRS,G,CRSN7G,4,,,,0,4,1,0,1,0,1,,,0,33.98,,2,74.8,0.25,,,,,0,1,33.98,0.25,74.8,0,14.8,,19.18,,,
INF,G,INFN1G,4,,,,0,4,1,0,1,0,1,,,0,35.1,,2,15.2,0.5,,,,,1,2,35.1,0.5,15.2,0,14.8,,2.3,,,
INF,G,INFN3G,7,,,,0,7,1,0,1,0,1,,,0,37.4375,,2,66.8,0.857142857,,,,,1,2,37.4375,0.857142857,66.8,0,16.2875,,21.15,,,
INF,G,INFN4G,14,14,14,14,90,118,0,1,0,1,0,1,,2,37.69333333,34.73333333,2,53.4,0.785714286,0.428571429,33.899,0.4444,89.4,1,2,35.44188889,0.483050847,142.8,1,2.946666667,18.58666667,16.74666667,16.14666667,16.49,17.51
NTU,G,NTUN2G,14,14,15,15,90,119,0,1,0,1,0,1,,3,35.50666667,34.1,2,135.6,0.714285714,0.4,31.67,0.1,22.6,0,0,33.75888889,0.210084034,158.2,1,19.24,18.4,16.26666667,15.7,15.33,16.34
SPH,J,SPHN5J,15,15,3,,0,18,1,1,0,0,1,0,,0,33.175,37.525,2,85.4,0.333333333,1,,,,1,2,35.35,0.444444444,85.4,0,19.94375,2.5,14.125,17.475,,
TWH,J,TWHN1J,14,14,15,15,90,119,0,1,0,1,0,1,,1,32.39333333,31.10625,2,2.4,0.357142857,0.266666667,33.813,0.388888889,48.6,0,0,32.43752778,0.369747899,51,1,1.426666667,11.9625,21.96666667,19.14375,16.84,16.97
BMD,L,BMDN4L,6,,,,0,6,1,0,1,0,1,,,0,34.38571429,,2,78.4,0.833333333,,,,,4,6,34.38571429,0.833333333,78.4,0,2.442857143,,14.62857143,,,
CMF,L,CMFN1L,12,12,16,,0,28,1,1,0,0,1,0,,0,32.30769231,34.04705882,2,20.4,0.166666667,0.1875,,,,0,0,33.17737557,0.178571429,20.4,0,19.23846154,19.52352941,14.54615385,15.38235294,,
CMF,L,CMFN2L,13,13,14,14,90,117,0,1,0,1,0,1,,3,36.49285714,34.81333333,2,83,0.769230769,0.571428571,,0.055555556,97,0,0,35.65309524,0.196581197,180,1,19.84285714,21.54666667,16.97142857,13.48666667,13.91978022,16.80140945
CMF,L,CMFN4L,14,14,17,17,,,,1,0,1,0,1,,2,28.47333333,27.26666667,2,136,0,0,,,,,,27.87,,136,,11.93333333,1.677777778,19.32,17.33888889,,
CTR,L,CTRN3L,16,,,,0,16,1,0,1,0,1,,,0,28.84117647,,2,136,0,,,,,0,0,28.84117647,0,136,0,11.47588235,,19.67588235,,,
CTR,L,CTRN4L,13,13,7,,0,20,1,1,0,0,1,0,,0,26.65714286,27.975,2,103.6,0,0,,,,0,0,27.31607143,0,103.6,0,1.821428571,5.6875,16.28571429,24.4,,
HLV,L,HLVN3L,12,,,,0,12,1,0,1,0,1,,,0,28.08461538,,2,103.6,0,,,,,1,1,28.08461538,0,103.6,0,12.13846154,,16.99237692,,,
HLV,L,HLVN4L,,,,,,,,0,1,0,1,,,,,,2,58.2,,,,,,,,,,58.2,,,,,,,
HOG,L,HOGN5L,4,,,,0,4,1,0,1,0,1,,,0,33.32,,2,81.2,0.75,,,,,0,0,33.32,0.75,81.2,0,2.2,,14.7,,,
HOG,L,HOGN7L,,,,,,,,0,1,0,1,,,,,,2,60.2,,,,,,,,,,60.2,,,,,,,
ICE,L,ICEN1L,14,14,15,15,,,,1,0,1,0,1,,3,32.16666667,29.4375,2,85,0,0,,,,,,30.80208333,,85,,18.72,15.1625,13.72666667,15.75,,
ICE,L,ICEN2L,,,,,,,,0,1,0,1,,,,,,2,,,,,,,,,,,0,,,,,,,
LEE,L,LEEN1L,2,,,,0,20,1,0,1,0,1,,,0,37.11904762,,2,83,0.85,,,,,0,0,37.11904762,0.85,83,0,2.585714286,,16.96666667,,,
MLT,L,MLTN3L,7,,,,0,7,1,0,1,0,1,,,0,32.8,,2,85.6,0,,,,,0,0,32.8,0,85.6,0,18.8375,,14.4125,,,
MLT,L,MLTN4L,4,,,,0,4,1,0,1,0,1,,,0,31.7,,2,136.4,0,,,,,0,0,31.7,0,136.4,0,15.7,,16.4,,,
MLT,L,MLTN5L,6,,,,0,6,1,0,1,0,1,,,0,27.3,,2,108.2,0,,,,,0,0,27.3,0,108.2,0,12.18571429,,16.15714286,,,
OSD,L,OSDN3L,4,,,,0,4,1,0,1,0,1,,,0,34.82,,2,37,0.5,,,,,0,0,34.82,0.5,37,0,17.44,,18.36,,,
OSD,L,OSDN4L,14,14,6,,0,20,1,1,0,0,1,0,,0,36.78666667,30.88571429,2,83.4,0.785714286,0,,,,0,0,33.83619048,0.55,83.4,0,21.76,21.57142857,14.75333333,1.457142857,,
OSD,L,OSDN6L,6,,,,0,6,1,0,1,0,1,,,0,29.72857143,,2,95.8,0,,,,,0,0,29.72857143,0,95.8,0,17.78571429,,12.28571429,,,
OSD,L,OSDN7L,,,,,,,,0,1,0,1,,,,,,2,67,,,,,,,,,,67,,,,,,,
RNB,L,RNBN2L,16,16,16,16,90,120,0,1,0,1,0,1,,3,32.81176471,34.44117647,2,19.6,0.1875,0.3125,33.24989615,0.288888889,142.8,2,5,33.50094578,0.278688525,162.4,1,18.64758824,2.229411765,15.44758824,15.19411765,18.39340659,14.85648956
SRC,L,SRCN3L,14,14,14,14,90,118,0,1,0,1,0,1,,2,34.34,38.24,2,78.4,0.571428571,1,,0.066666667,136.6,0,4,36.29,0.237288136,215,1,18.84666667,21.84,16.63333333,16.42666667,15.3978022,15.44253692
SRC,L,SRCN4L,9,,,,0,9,1,0,1,0,1,,,0,28.58,,2,129.8,0,,,,,0,4,28.58,0,129.8,0,11.7,,19.12,,,
SRC,L,SRCN5L,16,,,,0,16,1,0,1,0,1,,,0,28.31764706,,2,102,0,,,,,0,4,28.31764706,0,102,0,7.811764759,,21.97588235,,,
TWH,L,TWHN3L,12,12,7,,0,19,1,1,0,0,1,0,,0,30.51538462,28.7625,2,95.8,0,0,,,,0,0,29.63894231,0,95.8,0,16.76153846,13.125,14.76923769,17.625,,
TWH,L,TWHN4L,5,,,,0,5,1,0,1,0,1,,,0,30,,2,103.6,0,,,,,0,0,30,0,103.6,0,12.33333333,,19.51666667,,,
BMD,M,BMDN1M,14,14,19,19,6,39,1,1,0,1,0,1,,3,31.11333333,32.79,2,6.4,0.142857143,0.315789474,32.15,0.153846154,14.6,0,7,32.01777778,0.256410256,21,0,11.26666667,15.395,2.94,18.82,17.2,17.89
BMD,P,BMDN2P,14,14,16,,0,30,1,1,0,0,1,0,2.3,0,33.91333333,36.14705882,3,114,0.357142857,0.6875,,,,2,9,35.03019608,0.533333333,114,0,14.46356548,16.45751412,21.48747933,19.35425588,,
CMF,P,CMFN1P,14,14,1,,0,15,1,1,0,0,1,0,2,0,34.91333333,39.2,3,0.2,0.5,1,,,,1,3,37.05666667,0.533333333,0.2,0,14.67315813,18.87465,2.395298,17.47535,,
CMF,P,CMFN2P,4,,,,0,4,1,0,1,0,1,,3,0,34.16,,3,2.6,0.5,0,,,,1,3,34.16,0.5,2.6,0,15,,19.16,,,
CMF,P,CMFN3P,3,,,,0,3,1,0,1,0,1,,3,3,39.725,,3,11.2,1,0,,,,1,3,39.725,1,11.2,0,17.375,,22.35,,,
CMF,P,CMFN4P,1,,,,0,10,1,0,1,0,1,,3,3,32.15454545,,3,97.4,0.1,0,,,,1,3,32.15454545,0.1,97.4,0,19.5999999,,12.64545455,,,
CMF,P,CMFN5P,14,14,14,14,6,34,1,1,0,1,0,1,3,3,32.31333333,32.29333333,3,118.4,0.071428571,0.071428571,31.143,0,2.4,1,3,31.91655555,0.058823529,120.8,0,17.65428571,19.9,16.26666667,12.39333333,,
INF,P,INFN1P,14,14,13,,0,27,1,1,0,0,1,0,4,0,29.8,30.26428571,3,0,0.071428571,0.153846154,,,,1,1,30.03214286,0.111111111,0,0,6.685714286,8.235714286,23.97333333,22.28571429,,
INF,P,INFN2P,7,,,,0,7,1,0,1,0,1,,0,,37.7625,,3,0.2,1,0,,,,1,1,37.7625,1,0.2,0,18.6722175,,18.3777825,,,
INF,P,INFN3P,16,16,5,,0,21,1,1,0,0,1,0,1,0,38.26470588,35.51666667,3,11.2,1,0.8,,,,1,1,36.89068628,0.952380952,11.2,0,18.68636364,18.86666667,19.64117648,16.65,,
INF,P,INFN4P,,,,,,,,0,1,0,1,,3,3,33.50438596,,3,0,0,0,,,,,,33.50438596,,0,,0.563584479,,,,,
INF,P,INFN5P,14,,,,0,14,1,0,1,0,1,,1,1,30.71333333,,3,60,0.071428571,0,,,,1,1,30.71333333,0.071428571,60,0,19.42,,11.29333333,,,
INF,P,INFN6P,14,14,14,14,90,118,0,1,0,1,0,1,3,0,33.7,32.88,3,125.2,0.142857143,0.071428571,32.551,0.077777778,111.2,1,1,33.04366667,0.084745763,236.4,1,16.38666667,18.46666667,17.31333333,14.47333333,9.432342912,9.579153571
NOL,P,NOLN1P,13,13,18,18,19,50,1,1,0,1,0,1,1,1,29.85384615,31.75789474,3,0,0.076923077,0.166666667,36.15,0.65,2.4,1,1,32.58724696,0.34,2.4,0,6.585714286,1.153473684,22.65714286,21.44173215,18.11,17.3
NOL,P,NOLN2P,14,14,4,,0,18,1,1,0,0,1,0,2,0,32.86,31.82,3,125,0.142857143,0,,,,1,1,32.34,0.111111111,125,0,16.6,19.76,17.18,12.6,,
OSD,P,OSDN1P,13,13,11,,0,24,1,1,0,0,1,0,2.3,0,30.26428571,35.24166667,3,0,0.153846154,0.454545455,,,,0,3,32.75297619,0.291666667,0,0,11.2284,14.15475833,22.28571429,2.8328575,,
SEL,P,SELN2P,14,14,15,15,,,,1,0,1,0,1,0,,34.14666667,31.81875,3,29.8,0.5,0.066666667,,,,,,32.98270834,,29.8,,19.33333333,19.5625,14.68,12.3125,,
SEL,P,SELN1P,5,,,,0,5,1,0,1,0,1,,0,,40,,3,0,1,0,,,,0,0,40,1,0,0,18.55,,21.45,,,
SOX,P,SOXN1P,1,,,,0,10,1,0,1,0,1,,0,,35.1,,3,11.2,0.6,0,,,,0,0,35.1,0.6,11.2,0,14.31818182,,2.781818182,,,
SOX,P,SOXN2P,4,,,,0,4,1,0,1,0,1,,0,,39.84,,3,12.4,1,0,,,,0,0,39.84,1,12.4,0,18.42,,21.42,,,
SOX,P,SOXN3P,8,,,,0,8,1,0,1,0,1,,0,,37.87777778,,3,33,1,0,,,,0,0,37.87777778,1,33,0,2.255555556,,17.62222222,,,
SOX,P,SOXN4P,16,16,15,15,90,120,0,1,0,1,0,1,2,2,31.09411765,33.8,3,0,0.125,0.133333333,22.89721769,0.077777778,133,0,0,29.26377845,0.090909091,133,1,19.75882353,15.98125,11.38823529,17.81875,11.86530995,11.03190082
SRC,P,SRCN1P,14,14,16,,0,30,1,1,0,0,1,0,1,0,27.86666667,28.55,3,2.8,0,0.0625,,,,2,3,28.20833334,0.033333333,2.8,0,7.441935484,5.988235294,18.84666667,22.13529412,,
SRC,P,SRCN2P,8,,,,0,8,1,0,1,0,1,,0,,35.92222222,,3,29.8,0.75,0,,,,2,3,35.92222222,0.75,29.8,0,17.48888889,,18.43333333,,,
SRC,P,SRCN3P,3,,,,0,3,1,0,1,0,1,,0,,38.5,,3,65.4,1,0,,,,2,3,38.5,1,65.4,0,21.15,,17.35,,,
SRC,P,SRCN4P,14,14,6,,0,20,1,1,0,0,1,0,1,0,31.63333333,34.08571429,3,128.6,0.071428571,0.166666667,,,,2,3,32.85952381,0.1,128.6,0,19.14761948,18.37142857,12.17333333,15.71428571,,
SRC,P,SRCN5P,2,,,,0,2,1,0,1,0,1,,0,,33.6,,3,0,0,0,,,,2,3,33.6,0,0,0,2.3,,13.3,,,
SRC,P,SRCN6P,,,,,,,,0,1,0,1,,0,,33.20635838,,3,171.8,0,0,,,,,,33.20635838,,171.8,,0.574885517,,,,,
SRC,P,SRCN7P,4,,,,0,4,1,0,1,0,1,,0,,32.58,,3,0,0,0,,,,2,3,32.58,0,0,0,16.24,,16.34,,,
SRC,P,SRCN8P,,,,,,,,0,1,0,1,,0,,31.7372449,,3,117,0,0,,,,,,31.7372449,,117,,0.577657383,,,,,
TNL,P,TNLN1P,14,14,10,,0,24,1,1,0,0,1,0,3,0,33.63333333,32.29090909,3,0,0.142857143,0,,,,0,0,32.96212121,0.083333333,0,0,17.136,14.9999999,15.41333333,17.38181818,,
UNK1,P,UNKN1P,15,15,14,,0,29,1,1,0,0,1,0,3,0,29.98125,33.91333333,3,0.2,0.066666667,0.357142857,,,,0,0,31.94729167,0.206896552,0.2,0,8.649593667,12.21918733,24.8875,21.48747933,,
UNK2,P,UNKN2P,8,,,,0,8,1,0,1,0,1,,0,,37.72222222,,3,0,0.875,0,,,,0,0,37.72222222,0.875,0,0,15.61894778,,21.12549667,,,
UNK3,P,UNKN3P,14,14,15,,0,29,1,1,0,0,1,0,3,0,30.57333333,33.9125,3,11.2,0.142857143,0.4,,,,0,0,32.24291667,0.275862069,11.2,0,1.267766667,13.78257688,23.69333333,19.93617313,,
HAR,Q,HARN3Q,14,14,4,,0,18,1,1,0,0,1,0,2,0,33.66666667,32.96,3,29.6,0.642857143,0.5,,,,0,1,33.31333334,0.611111111,29.6,0,13.69473684,1.9,19.54,22.6,,
NOL,Q,NOLN1Q,18,,,,0,18,1,0,1,0,1,,,,29.28421053,,3,25,0.111111111,0,,,,0,2,29.28421053,0.111111111,25,0,8.552631579,,2.778947368,,,
RNB,Q,RNBN1Q,15,15,15,15,90,120,0,1,0,1,0,1,,3,27.95,31.48125,3,15.4,0.133333333,0.133333333,35.56923769,0.133333333,37.4,1,2,31.66682923,0.066666667,52.8,1,8.7375,11.6375,19.2125,19.84375,16.48681319,19.08241758
SND,Q,SNDN2Q,4,,,,0,4,1,0,1,0,1,,,,34.72,,3,28.6,0.75,0,,,,0,0,34.72,0.75,28.6,0,12.8,,21.92,,,
SOX,Q,SOXN1Q,13,13,12,,0,25,1,1,0,0,1,0,,0,30.84285714,34.66153846,3,25,0.153846154,0.583333333,,,,1,1,32.7521978,0.36,25,0,12.53846154,14.79237692,21.25,,,
SRC,Q,SRCN1Q,16,16,2,,0,18,1,1,0,0,1,0,,,27.77647059,28.16666667,3,15.4,0.125,0,,,,3,4,27.97156863,0.111111111,15.4,0,7.942152632,8.266666667,19.65882353,19.9,,
SRC,Q,SRCN2Q,3,,,,0,3,1,0,1,0,1,,,,35.575,,3,29.6,1,0,,,,3,4,35.575,1,29.6,0,15.475,,2.1,,,
BMD,R,BMDN1R,4,,,,0,4,1,0,1,0,1,,,,34,,3,0,0,0,,,,4,11,34,0,0,0,9.375,,23,,,
HAR,R,HARN2R,,,,,,,,0,1,0,1,,,,,,3,0,0,0,,,,,,,,0,,0.664923272,,,,,
INF,R,INFN1R,7,,,,0,7,1,0,1,0,1,,,,31.63333333,,3,1.2,0.285714286,0,,,,3,3,31.63333333,0.285714286,1.2,0,12.475,,2.3375,,,
INF,R,INFN2R,,,,,,,,0,1,0,1,,,,,,3,0,0,0,,,,,,,,0,,0.611536883,,,,,
INF,R,INFN3R,16,16,4,,0,20,1,1,0,0,1,0,,,35.99333333,39.28,3,14.4,0.6875,1,,,,3,3,37.63666667,0.75,14.4,0,17.6,16.68,18.14117648,22.6,,
INF,R,INFN4R,,,,,,,,0,1,0,1,,,,,,3,0,0,0,,,,,,,,0,,0.612865519,,,,,
NOL,R,NOLN1R,14,14,14,14,17,45,1,1,0,1,0,1,5,3,32.59230769,35.79333333,3,1,0.285714286,0.714285714,35.67,0.5,13.2,0,3,34.68521368,0.511111111,14.2,0,11.66666667,13.76,2.286666667,22.33333333,18.14,18.21
OSD ,R,OSDN1R,,,,,,,,0,1,0,1,,,,,,3,0,0,0,,,,,,,,0,,0.613182637,,,,,
SRC,R,SRCN1R,14,14,4,,0,18,1,1,0,0,1,0,3,0,31.50769231,38.78,3,1.2,0.285714286,1,,,,4,5,35.14384615,0.444444444,1.2,0,12.84215263,16.56,21.61333333,22.22,,
SRC,R,SRCN2R,,,,,,,,0,1,0,1,,,,,,3,0,0,0,,,,,,,,0,,0.669627682,,,,,
BAB,C,BABN3C,14,14,14,14,11,39,1,1,0,1,0,1,,2,30.31333333,35.52666667,3,3,0.214285714,0.714285714,35.43,0.5,0,0,0,33.75666667,0.487179487,3,0,12.84,18.96,17.47333333,16.56666667,,
BAB,C,BABN4C,14,14,14,14,90,118,0,1,0,1,0,1,,4,34.66666667,32.06,3,50.9,0.5,0.142857143,28.74659347,0.088888889,176.98,0,0,31.82442004,0.144067797,227.88,1,21.64666667,2.473333333,13.2,11.58666667,13.27472527,15.46593407
BAL,C,BALN2C,13,13,15,15,90,118,0,1,0,1,0,1,,2,32.20714286,30.3125,3,0.2,0.153846154,0.133333333,36.15714286,0.777777778,180,0,1,32.8922619,0.627118644,180.2,1,13.89285714,13.89375,18.31428571,16.41875,18.14065934,18.01648352
BGL,C,BGLN1C,6,,,,0,6,1,0,1,0,1,,,0,31.4,,3,97.2,0,,,,,0,0,31.4,0,97.2,0,13.85714286,,17.54285714,,,
GON,C,GONN2C,7,,,,0,7,1,0,1,0,1,,,0,33.8625,,3,50.9,0.428571429,,,,,0,0,33.8625,0.428571429,50.9,0,21.5875,,12.275,,,
HAR,C,HARN5C,15,15,12,,0,27,1,1,0,0,1,0,,0,33.75625,29.70769231,3,70.5,0.133333333,0,,,,0,1,31.73197115,0.074074074,70.5,0,2.7375,16.33769238,13.1875,13.37692377,,
HAR,C,HARN6C,14,14,9,,0,23,1,1,0,0,1,0,,0,30.10666667,29.6,3,98.2,0.071428571,0,,,,0,1,29.85333333,0.043478261,98.2,0,15.53333333,13.41,14.57333333,16.19,,
INF,C,INFN5C,14,14,15,15,90,119,0,1,0,1,0,1,,2,32.21333333,33.05,3,50.9,0.357142857,0.133333333,27.89,0.011111111,125,0,0,31.05111111,0.067226891,175.9,1,2.82,2.775,11.39333333,12.275,12.84,14.57
JET,C,JETN1C,,,10,,0,16,1,1,0,0,1,0,,0,34.65714286,32.2,3,70.5,0.166666667,0.2,,,,0,0,33.42857143,0.1875,70.5,0,21.61428571,2.381818182,13.42857143,11.81818182,,
RNB,C,RNBN1C,14,14,13,,0,27,1,1,0,0,1,0,,0,28.46666667,31.85714286,3,0.2,0,0.076923077,,,,0,2,30.16190476,0.037037037,0.2,0,8.773333333,14.55714286,19.69333333,17.3,,
RNB,C,RNBN2C,14,14,7,,0,21,1,1,0,0,1,0,,0,30.10666667,35.675,3,3,0.142857143,0.857142857,,,,0,2,32.89083333,0.380952381,3,0,13.62,16.125,16.48666667,19.6625,,
RNB,C,RNBN3C,14,14,15,15,90,119,0,1,0,1,0,1,,2,34.93333333,36.925,3,8.6,0.428571429,0.866666667,32.363,0.2333,145.9,0,2,34.74044444,0.336134454,154.5,1,17.71333333,16.25,17.22,2.675,19.69,12.72
RNB,C,RNBN4C,15,15,17,17,90,120,0,1,0,1,0,1,,3,31.51875,33.16666667,3,50.7,0.266666667,0.117647059,26.71868132,0.022222222,115.48,0,2,30.46803266,0.06557377,166.18,1,2.49375,2.666666667,11.25,12.5,11.13186813,15.58681319
SOX,C,SOXN2C,14,14,15,,0,29,1,1,0,0,1,0,,0,32.32,30.3625,3,0.2,0.142857143,0.133333333,,,,1,1,31.34125,0.137931034,0.2,0,14.49333333,14.2625,17.82666667,16.15625,,
SOX,C,SOXN3C,14,14,14,14,90,118,0,1,0,1,0,1,,1,35.62666667,36.94666667,3,8.6,0.571428571,0.857142857,34.37362637,0.488888889,308.5,1,1,35.64898657,0.542372881,317.1,1,17.62666667,16.73333333,18,2.213333333,19.23076923,14.80659341
SOX,C,SOXN4C,14,14,17,17,90,120,0,1,0,1,0,1,,2,32.41333333,30.80555556,3,53.7,0.214285714,0.058823529,26.38461538,0.022222222,115.48,1,1,29.86783476,0.049586777,169.18,1,2.386666667,17.58333333,12.26666667,13.22222222,10.12087912,16.26373626
INF,D,INFN1D,4,,,,0,4,1,0,1,0,1,,,0,35.88,,3,48.4,1,,,,,1,1,35.88,1,48.4,0,18.48,,17.4,,,
INF,D,INFN2D,12,12,16,16,90,118,0,1,0,1,0,1,,3,29.80769231,34.27058824,3,64.8,0,0.5625,39.46813187,0.888888889,96.7,1,1,34.5154708,0.754237288,161.5,1,11.26923769,16.78235294,18.53846154,17.48823529,19.05714286,20.41098901
CLA,E,CLAN5E,13,13,5,,0,18,1,1,0,0,1,0,,0,28.31428571,26.18333333,3,0,0,0,,,,0,0,27.24880952,0,0,0,7.578571429,4.966666667,2.735714286,21.21666667,,
HAR,E,HARN8E,14,14,15,15,11,40,1,1,0,1,0,1,,1,35.05333333,32.41875,3,110,0.5,0.2,29.633,0,4.2,0,3,32.36836111,0.25,114.2,0,2.633333333,18.8125,14.42,13.6625,11.5,16.05
HAR,E,HARN9E,11,11,14,,0,25,1,1,0,0,1,0,,0,28.45,26.36,3,57.4,0,0,,,,0,3,27.405,0,57.4,0,11.88333333,7.32,16.56666667,19.4,,
INF,E,INFN3E,12,12,15,15,90,117,0,1,0,1,0,1,,2,32.41538462,33.01875,3,72.2,0.166666667,0.133333333,35.28241758,0.533333333,123.6,0,2,33.57218407,0.444444444,195.8,1,19.27692377,2.9625,13.13846154,12.1125,15.67142857,19.61098901
INF,E,INFN4E,16,16,16,16,90,120,0,1,0,1,0,1,,1,35.15294118,30.10588235,3,110,0.5,0.0625,27.41,0,90,0,2,30.88960784,0.073770492,200,1,19.88235294,18.98235294,15.27588235,11.12352941,10.93,16.51
RNB,E,RNBN3E,15,15,16,16,90,120,0,1,0,1,0,1,,4,33.7,32.67058824,3,114.4,0.333333333,0.1875,36.45164835,0.666666667,126.1,0,0,34.27407886,0.561983471,240.5,1,19.59375,19.95882353,14.1625,12.76475882,17.70549451,18.74615385
SHA,E,SHAN5E,14,14,7,,0,21,1,1,0,0,1,0,,0,28.36,25.3125,3,60,0,0,,,,0,0,26.83625,0,60,0,8.78,8.2125,19.58,17.1,,
CLA,F,CLAN1F,7,,,,0,7,1,0,1,0,1,,,0,32.625,,3,0,0,,,,,0,0,32.625,0,0,0,17.7125,,14.9125,,,
CLA,F,CLAN2F,12,12,15,15,90,117,0,1,0,1,0,1,,3,34.88461538,35.8,3,47.6,0.333333333,0.666666667,37.51832377,0.755555556,137.4,0,0,36.06764638,0.700854701,185,1,21.39237692,21.79375,13.49237692,14.625,19.1989011,18.31942198
HAR,E,HARN12E,14,14,13,13,90,117,0,1,0,1,0,1,,1,33.1,34.05,3,0,0.428571429,0.307692308,39.19891989,0.877777778,90.1,0,4,35.44963996,0.760683761,90.1,1,13.75333333,16.62857143,19.34666667,17.42142857,18.81318681,20.18791209
HAR,F,HARN5F,13,13,14,14,90,117,0,1,0,1,0,1,,3,31.01,34.6,3,1.8,0,0.428571429,34.7,0.133333333,135.4,0,4,33.43666667,0.102564103,137.2,1,1.671428571,9.38,1.3,14.51,19.76,14.97
INF,F,INFN3F,14,14,8,,0,22,1,1,0,0,1,0,,0,34.27333333,34.97777778,3,24.2,0.5,0.25,,,,0,1,34.62555556,0.409090909,24.2,0,17.26666667,21.46666667,17.24666667,13.51111111,,
INF,F,INFN4F,14,14,18,18,90,120,0,1,0,1,0,1,,2,35.59333333,36.44736842,3,75.6,0.642857143,0.777777778,32.779,0.2,140.6,0,1,34.93990058,0.336065574,216.2,1,2.266666667,17.88421526,15.32666667,18.56315789,18.95,13.83
BMD,G,BMDN2G,14,14,17,17,90,120,0,1,0,1,0,1,,2,35.77333333,34.14444444,3,123.4,0.642857143,0.529411765,32.83,0.277777778,36.6,0,0,34.24925926,0.355371901,160,1,18.46666667,19.61111111,17.36666667,15.83333333,13.59,18.59
CRS,G,CRSN2G,2,,,,0,2,1,0,1,0,1,,,0,,,3,15,,,,,,1,1,,0,15,0,,,,,,
CRS,G,CRSN6G,12,,,,0,12,1,0,1,0,1,,,0,35.5,,3,141.2,0.5,,,,,0,1,35.5,0.5,141.2,0,18.76923769,,16.73769238,,,
DTF,G,DTFN1G,14,14,12,,0,26,1,1,0,0,1,0,,0,32.67333333,39.53846154,3,18.6,0.642857143,0.916666667,,,,0,0,36.10589744,0.769230769,18.6,0,17.97333333,17.53846154,14.7,22,,
DTF,G,DTFN3G,14,14,15,15,90,119,0,1,0,1,0,1,,1,34.00666667,33.7875,3,95,0.5,0.333333333,,0.244444444,34.4,0,0,33.89708333,0.285714286,129.4,1,19.53333333,19.7,14.95333333,14.875,11.63,18.84
HAR,G,HARN1G,,,,,0,1,1,1,0,1,0,1,,3,,,3,1.6,0.076923077,0.214285714,,,,1,5,,1,1.6,0,15.6,,,,,
HAR,G,HARN3G,14,,3,,0,17,1,1,0,0,1,0,,0,33.25333333,35.075,3,18.6,0.714285714,0.333333333,,,,1,5,34.16416667,0.647058824,18.6,0,18.3,17.9,14.95333333,17.175,,
HAR,G,HARN4G,14,14,16,16,90,120,0,1,0,1,0,1,,2,38.44666667,37.85882353,3,53.6,0.857142857,0.8125,34.778,0.4889,136,1,5,37.02783007,0.575,189.6,1,19.18666667,21.76475882,19.26,16.78235294,17.58,17.28
HAR,G,HARN5G,13,13,14,14,90,117,0,1,0,1,0,1,,2,35.35,34.34,3,141.2,0.615384615,0.571428571,26.218,0.077777778,6.2,1,5,31.96933333,0.196581197,147.4,1,18.84285714,17.46,16.57142857,16.88,7.62,18.68
INF,F,INFN5F,15,15,15,15,5,35,1,1,0,1,0,1,,1,,,3,1.6,,,,0,0,1,2,,0,1.6,0,1.29375,8.79375,,,,
SPH,G,SPHN2G,13,13,5,,0,18,1,1,0,0,1,0,,0,41.21428571,36.05,3,53.8,1,0.6,,,,0,0,38.63214286,0.888888889,53.8,0,18.82857143,2.216666667,22.38571429,15.83333333,,
SPH,G,SPHN3G,14,14,3,,0,17,1,1,0,0,1,0,,0,34.54,35.625,3,84,0.428571429,0.666666667,,,,0,0,35.0825,0.470588235,84,0,19.64666667,14.525,14.89333333,21.1,,
XHO,G,XHON1G,14,14,12,,0,26,1,1,0,0,1,0,,0,,,3,14.6,,,,,,0,1,,0,14.6,0,12.22,3.184615385,,,,
XHO,G,XHON2G,14,14,11,,0,25,1,1,0,0,1,0,,0,,31.7,3,15,,0.727272727,,,,0,1,31.7,0.32,15,0,12.78666667,17.375,,14.325,,
XHO,G,XHON3G,14,14,15,15,90,119,0,1,0,1,0,1,,2,40.66666667,37.73125,3,53.8,1,0.8,35.292,0.522222222,156.4,0,1,37.89663889,0.613445378,210.2,1,18.82666667,21.175,21.84,16.55625,18.33,16.96
CLA,H,CLAN2H,19,19,13,13,27,59,1,1,0,1,0,1,,1,32.02,33.65,3,2,0.052631579,0.307692308,33.132,0.214285714,0.2,1,1,32.934,0.186440678,2.2,0,2.36,18.77142857,11.66,14.87857143,16.84,16.97
DTF,H,DTFN2H,14,14,17,17,90,120,0,1,0,1,0,1,,3,34.33333333,32.14444444,3,1.8,0.214285714,0.058823529,31.75274725,0.377777778,114,1,1,32.74350834,0.314049587,115.8,1,2.426666667,2.4,13.96666667,11.74444444,16,15.75274725
GRF,H,GRFN1H,14,14,15,15,42,71,1,1,0,1,0,1,,2,33.06,33.4375,3,2,0.357142857,0.2,28.779,0.023255814,3.4,0,0,31.75883333,0.126760563,5.4,0,18.22,18.5875,14.84,14.85,8.14,17.25
INF,H,INFN1H,12,12,2,,0,14,1,1,0,0,1,0,,0,30.09230769,26.26666667,3,0,0.083333333,0,,,,2,3,28.17948718,0.071428571,0,0,1.438461538,11.36666667,19.65384615,14.9,,
INF,H,INFN2H,14,14,6,,0,20,1,1,0,0,1,0,,0,31.57333333,35.37142857,3,0,0.142857143,0.5,,,,2,3,33.47238095,0.25,0,0,14.3,18.1,17.27333333,17.27142857,,
INF,H,INFN3H,14,,,,0,14,1,0,1,0,1,,,0,35.74666667,,3,0,0.714285714,,,,,2,3,35.74666667,0.714285714,0,0,18.9,,16.84666667,,,
INF,H,INFN4H,13,13,14,14,90,117,0,1,0,1,0,1,,3,33.52142857,33.96666667,3,0.6,0.230769231,0.214285714,33.13846154,0.488888889,175.4,2,3,33.54218559,0.427350427,176,1,19.79285714,2.853333333,13.72857143,13.11333333,17.72307692,15.41538462
NTU,H,NTUN2H,2,,,,0,20,1,0,1,0,1,,,0,34.17619048,,3,0.6,0.25,,,,,1,1,34.17619048,0.25,0.6,0,19.99523895,,14.1895239,,,
NTU,H,NTUN3H,14,,,,0,14,1,0,1,0,1,,,0,32.31333333,,3,2,0.071428571,,,,,1,1,32.31333333,0.071428571,2,0,2.226666667,,12.86666667,,,
NTU,H,NTUN4H,14,14,15,15,21,50,1,1,0,1,0,1,,2,32.94,33.55625,3,1.8,0.214285714,0.333333333,33.764,0.272727273,0.2,1,1,33.42008333,0.28,2,0,19.67333333,17.96875,13.26666667,15.5875,11.69,16.32
SHA,H,SHAN1H,14,14,12,,0,26,1,1,0,0,1,0,,0,32.02,31.36153846,3,0,0.285714286,0.166666667,,,,0,0,31.69076923,0.230769231,0,0,12.46666667,14.17692377,19.61333333,17.25384615,,
SHA,H,SHAN2H,13,13,17,,0,30,1,1,0,0,1,0,,0,35.07857143,35.78333333,3,0,0.615384615,0.647058824,,,,0,0,35.43095238,0.633333333,0,0,18.64285714,18.85,16.43571429,16.93333333,,
SHA,H,SHAN5H,18,,,,0,18,1,0,1,0,1,,,0,33.31052632,,3,1.8,0.277777778,,,,,0,0,33.31052632,0.277777778,1.8,0,18.37368422,,14.93684215,,,
SRC,H,SRCN4H,12,,,,0,12,1,0,1,0,1,,,0,33.74615385,,3,1.8,0.083333333,,,,,1,1,33.74615385,0.083333333,1.8,0,21.26923769,,12.47692377,,,
SRC,H,SRCN5H,14,14,15,15,1,30,1,1,0,1,0,1,,1,31.38,33.35625,3,2,0.071428571,0.333333333,,0,0,1,1,32.368125,0.2,2,0,2.54,18.6875,1.84,14.66875,12.99,15.95
TWH,H,TWHN1H,13,,,,0,13,1,0,1,0,1,,,0,31.44285714,,3,2,0.076923077,,,,,0,0,31.44285714,0.076923077,2,0,2.371428571,,11.71428571,,,
BMD,J,BMDN1J,14,14,15,,0,29,1,1,0,0,1,0,,0,32.41333333,31.23125,3,2.4,0.357142857,0.266666667,,,,2,2,31.82229167,0.310344828,2.4,0,11.66666667,11.3125,2.866666667,19.91875,,
CMF,J,CMFN1J,13,,,,0,13,1,0,1,0,1,,,0,30.80714286,,3,2.4,0.230769231,,,,,0,4,30.80714286,0.230769231,2.4,0,12.43571429,,18.37142857,,,
CMF,J,CMFN2J,14,14,7,,0,21,1,1,0,0,1,0,,0,31.70666667,36.7,3,13.6,0.071428571,0.857142857,,,,0,4,34.20333333,0.333333333,13.6,0,17.48666667,17.9625,15.16666667,18.7375,,
CMF,J,CMFN4J,7,,,,0,7,1,0,1,0,1,,,0,38.2625,,3,44.6,1,,,,,0,4,38.2625,1,44.6,0,21.175,,16.925,,,
NTU,J,NTUN1J,15,15,10,,0,25,1,1,0,0,1,0,,0,30.95625,30.53636364,3,0,0.066666667,0.1,,,,2,2,30.74630682,0.08,0,0,1.26875,9.418181818,2.6875,21.11818182,,
SND,J,SNDN1J,14,14,17,17,90,120,0,1,0,1,0,1,,2,33.18,31.63888889,3,2.4,0.428571429,0.294117647,35.7392733,0.588888889,149.200029,3,3,33.5193874,0.52892562,151.600029,1,11.86,11.42222222,21.32,19.66666667,17.58901099,18.15019604
SOX,J,SOXN1J,14,14,15,15,90,119,0,1,0,1,0,1,,1,30.86,32.14375,3,2.4,0.214285714,0.333333333,35.71468637,0.588888889,160.200026,3,7,32.90614546,0.512605042,162.600026,1,11.43333333,1.84375,19.42666667,2.3875,17.99230769,17.72237868
SPH,J,SPHN2J,8,,,,0,8,1,0,1,0,1,,,0,32,,3,2.4,0.25,,,,,1,2,32,0.25,2.4,0,9.755555556,,22.24444444,,,
SPH,J,SPHN4J,14,14,14,14,15,43,1,1,0,1,0,1,,2,30.34666667,33.37333333,3,2.4,0.142857143,0.428571429,31.938,0.0625,19.8,1,2,31.886,0.209302326,22.2,0,11.35333333,14.86666667,18.72,18.82,18.01,15.57
SRC,J,SRCN2J,15,15,15,,0,30,1,1,0,0,1,0,,0,32.14375,32.84375,3,2.4,0.333333333,0.2,,,,1,2,32.49375,0.266666667,2.4,0,1.84375,15.66875,2.3875,17.19375,,
SRC,J,SRCN4J,6,,,,0,6,1,0,1,0,1,,,0,36.21428571,,3,100.6,0.833333333,,,,,1,2,36.21428571,0.833333333,100.6,0,19.44285714,,16.44285714,,,
INF,K,INFN1K,14,14,15,15,90,119,0,1,0,1,0,1,,2,29.62,34.875,3,13.4,0.142857143,0.533333333,37.12385935,0.788888889,18.400001,1,5,33.87295312,0.680672269,31.800001,1,1.8,15.55625,19.54,19.31875,17.82747253,19.27491341
JBW,K,JBWN1K,2,,,,0,2,1,0,1,0,1,,,,,,3,16.8,0.5,,,,,0,2,,0.5,16.8,0,14.63333333,,,,,
SHA,K,SHAN1K,14,14,17,,0,31,1,1,0,0,1,0,,0,29.85333333,35.32222222,3,13.4,0.142857143,0.588235294,,,,2,2,32.58777778,0.387096774,13.4,0,1.313333333,15.37222222,19.54,19.95,,
SRC,K,SRCN1K,14,14,16,16,2,32,1,1,0,1,0,1,,3,30.84,35.49411765,3,13.4,0.142857143,0.625,36.433,0.666666667,0,2,3,34.25570588,0.4375,13.4,0,1.78,15.4,2.6,2.941176476,17.96,17.04
STT,K,STTN2K,15,15,14,14,5,34,1,1,0,1,0,1,,1,35.25625,36.08666667,3,12.2,0.533333333,0.785714286,34.667,0.333333333,2.8,0,0,35.33663889,0.617647059,15,0,18.5875,18.43333333,16.66875,17.65333333,16.48,17.08
BMD,L,BMDN1L,9,,,,0,9,1,0,1,0,1,,,0,31.64,,3,0,0.333333333,,,,,4,6,31.64,0.333333333,0,0,11.37,,2.27,,,
BMD,L,BMDN2L,15,15,12,,0,27,1,1,0,0,1,0,,0,34.15625,32.36153846,3,0,0.4,0.166666667,,,,4,6,33.25889423,0.296296296,0,0,17.15625,18.89237692,18.625,14.84615385,,
BMD,L,BMDN6L,14,14,3,,0,17,1,1,0,0,1,0,,0,37.47333333,31.4,3,83.2,0.928571429,0,,,,4,6,34.43666667,0.764705882,83.2,0,21.74,21.55,15.34666667,9.975,,
CLA,L,CLAN3L,14,14,13,,0,27,1,1,0,0,1,0,,0,32.98666667,30.67142857,3,83.2,0,0,,,,1,1,31.82904762,0,83.2,0,19.16666667,16.85,14.18666667,14.12142857,,
CLA,L,CLAN4L,16,16,5,,0,21,1,1,0,0,1,0,,0,28.01764706,28.81666667,3,129.8,0,0,,,,1,1,28.41715686,0,129.8,0,11.58823529,11.5,17.93529412,18.16666667,,
CMF,L,JBWN2L,16,16,11,11,90,117,0,1,0,1,0,1,,2,30.05882353,33.38333333,3,0,0.125,0.454545455,34.37376143,0.411111111,146.2,0,3,32.6053061,0.376068376,146.2,1,1.858823529,12.53333333,19.2,2.15,18.52417582,15.8495856
CTR,L,CTRN2L,14,14,16,16,90,120,0,1,0,1,0,1,,2,33.96,34.65882353,3,37,0.214285714,0.5625,32.34643956,0.211111111,138.6,0,0,33.6550877,0.258333333,175.6,1,19.49333333,18.92352941,15.56666667,16.87647588,17.28241758,15.05758846
FFL,L,FFLN1L,13,13,21,,0,34,1,1,0,0,1,0,,0,34.74285714,33.65,3,0,0.461538462,0.285714286,,,,0,0,34.19642857,0.352941176,0,0,14.98571429,18.63636364,2.428571429,16.13636364,,
HLV,L,HLVN1L,14,14,19,,0,33,1,1,0,0,1,0,,0,32.14666667,34.75,3,0,0.357142857,0.473684211,,,,1,1,33.44833333,0.424242424,0,0,12.34666667,15.895,19.8,19.4,,
HLV,L,HLVN2L,15,15,16,16,90,120,0,1,0,1,0,1,,3,32.70625,34.75294118,3,20.4,0.2,0.375,32.897,0.277777778,142.8,1,1,33.45206373,0.280991736,163.2,1,18.75625,2.458823529,15.38125,15.29411765,18.31,14.59
HOG,L,HOGN2L,14,14,15,15,90,119,0,1,0,1,0,1,,2,35.16666667,34.34375,3,0,0.571428571,0.4,34.15941989,0.355555556,140.6,0,0,34.55661219,0.386554622,140.6,1,14.88,17.28125,2.573333333,18.15,19.27472527,14.83121484
HOG,L,HOGN4L,14,14,11,,0,25,1,1,0,0,1,0,,0,34.34,38.14166667,3,78.4,0.571428571,1,,,,0,0,36.24083333,0.76,78.4,0,18.84666667,22.25,16.63333333,16.21666667,,
JBW,L,JBWN1L,14,14,8,,0,22,1,1,0,0,1,0,,0,30.32,31.87777778,3,0,0.142857143,0.375,,,,0,3,31.09888889,0.227272727,0,0,11.16,13.25555556,19.16,18.62222222,,
JBW,L,JBWN3L,14,14,14,14,90,118,0,1,0,1,0,1,,2,34.26666667,33.05333333,3,0,0.428571429,0.214285714,34.2927533,0.344444444,130.4,0,3,33.87091777,0.338983051,130.4,1,17.67333333,18.55333333,17.86,15.85333333,19.4021978,14.89055549
JBW,L,JBWN4L,13,,,,0,13,1,0,1,0,1,,,0,34.42142857,,3,78.4,0.615384615,,,,,0,3,34.42142857,0.615384615,78.4,0,18.65,,17.21428571,,,
JBW,L,JBWN5L,15,15,13,,0,28,1,1,0,0,1,0,,0,32.775,32.73571429,3,65.6,0.333333333,0.384615385,,,,0,3,32.75535714,0.357142857,65.6,0,21.75,2.264285714,12.375,13.35714286,,
JBW,L,JBWN6L,14,14,12,12,90,116,1,1,0,1,0,1,,2,31.38,29.80769231,3,85.6,0,0,25.65384615,0,12,0,3,28.94717949,0,97.6,1,18.42,14.34615385,13.8,16.52376924,5.359340659,20.29450549
JBW,L,JBWN7L,14,14,,,,,,1,0,0,1,0,,,27.47333333,,3,103.6,0,,,,,,,27.47333333,,103.6,,8.24,,2.726666667,,,
OLM,L,OLMN1L,7,,,,0,7,1,0,1,0,1,,,0,27.1875,,3,0,0,,,,,0,0,27.1875,0,0,0,9.175,,18.125,,,
OLM,L,OLMN3L,3,,,,0,3,1,0,1,0,1,,,0,33.825,,3,0,0.333333333,,,,,0,0,33.825,0.333333333,0,0,15.35,,19.75,,,
OLM,L,OLMN5L,14,14,15,15,90,119,0,1,0,1,0,1,,3,33.27333333,33.69375,3,19.6,0.285714286,0.266666667,33.6938522,0.3,169.4,0,0,33.55364518,0.294117647,189,1,18.78666667,19.4125,15.96666667,15.24375,19.08791209,14.60594011
OLM,L,OLMN6L,7,,,,0,7,1,0,1,0,1,,,0,38.425,,3,83.4,1,,,,,0,0,38.425,1,83.4,0,21.75,,16.2375,,,
OLM,L,OLMN8L,14,14,9,,0,23,1,1,0,0,1,0,,0,32.9,32.63,3,80.6,0.285714286,0,,,,0,0,32.765,0.173913043,80.6,0,2.213333333,19.29,12.86666667,13.89,,
OLM,L,OLMN9L,14,14,17,17,90,120,0,1,0,1,0,1,,0,29.56,28.52222222,3,95.8,0,0,24.44725275,0,11.8,0,0,27.50982499,0,107.6,1,16.46,11.13333333,13.49333333,19.22777778,4.18021978,20.26703297
OSD,L,OSDN1L,14,14,15,15,90,119,0,1,0,1,0,1,,3,29.52,34.83125,3,0,0.142857143,0.533333333,34.36167352,0.422222222,146.6,0,0,32.90430784,0.403361345,146.6,1,1.726666667,14.5875,18.79333333,2.5125,18.7,15.66167352
PIX,L,PIXN1L,,,,,,,,0,1,0,1,,,,,,3,,,,,,,,,,,0,,,,,,,
RNB,L,RNBN3L,1,,,,0,1,1,0,1,0,1,,,0,30.7,,3,78.4,0,,,,,2,5,30.7,0,78.4,0,21.4,,9.3,,,
RNB,L,RNBN4L,13,13,15,15,90,118,0,1,0,1,0,1,,1,31.47142857,28.99375,3,87.8,0,0,25.292,0,11.8,2,5,28.58572619,0,99.6,1,18.85714286,12.875,13.54285714,17.625,5.32,19.98
SRC,L,SRCN1L,14,14,16,16,90,120,0,1,0,1,0,1,,2,30.87333333,29.47647059,3,0,0.071428571,0.0625,34.56534129,0.466666667,85,0,4,31.63838174,0.366666667,85,1,8.68,9.588235294,22.19333333,19.88823529,17.37912088,17.18622033
CLA,M,CLAN2M,14,14,17,17,90,120,0,1,0,1,0,1,,1,34.29333333,31.72222222,3,4,0.428571429,0.176470588,35.872,0.633333333,31.4,0,3,33.96251852,0.545454545,35.4,1,16.62666667,15.15,18.56666667,18.47222222,17.01,18.07
OSD,M,OSDN1M,7,,,,0,7,1,0,1,0,1,,,0,28.2375,,3,6.4,0,,,,,0,1,28.2375,0,6.4,0,7.3875,,2.85,,,
OSD,M,OSDN2M,14,14,20,,0,34,1,1,0,0,1,0,,0,32.3,33.2952381,3,4.8,0.357142857,0.25,,,,0,1,32.79761905,0.294117647,4.8,0,12.36,17.52389524,22.31333333,16.89476195,,
OSD,M,OSDN3M,14,14,15,15,90,119,0,1,0,1,0,1,,3,35.36,36.0625,3,20.8,0.714285714,0.6,35.865,0.6222,45.8,0,1,35.7625,0.630252101,66.6,1,17.39333333,19.6,19.66,17.675,18.5,17.39
SOX,M,SOXN1M,14,14,15,15,90,119,0,1,0,1,0,1,,2,32.15333333,35.53125,3,12.2,0.214285714,0.733333333,36.16263736,0.644444444,37.6,6,9,34.61574023,0.605042017,49.8,1,15.38,17.6,18.79333333,2,18.40659341,17.75604396
ZAN,M,ZANN1M,,,,,,,,0,1,0,1,,,,,,3,,,,,,,,,,,0,,,,,,,
CTR,N,CTRN1N,11,,,,0,11,1,0,1,0,1,,,0,37.28333333,,3,16.4,1,,,,,0,0,37.28333333,1,16.4,0,18.3,,18.98333333,,,
CTR,N,CTRN3N,14,14,7,,0,21,1,1,0,0,1,0,,0,,,3,0.4,,,,,,0,0,,0,0.4,0,,,,,,
OSD,N,OSDN1N,14,14,15,15,52,81,1,1,0,1,0,1,,3,35.14,35.14375,3,16.6,0.642857143,0.6,35.991,0.58490566,0,1,2,35.42491667,0.604938272,16.6,0,14.94666667,18.2,2.193333333,16.94375,20.28,16.02
OSD,N,OSDN2N,,,,,,,,0,1,0,1,,,,,,3,,,,,,,,,,,0,,,,,,,
HAR,P,HARN3P,14,14,16,16,90,120,0,1,0,1,0,1,2.4,0,32.96666667,31.58823529,4,118.4,0.142857143,0.0625,33.9,0.066666667,55.2,0,3,32.81830065,0.075,173.6,1,19.21333333,18.17647588,13.75333333,13.41176476,5.999375879,7.086845879
JBW,P,JBWN3P,14,14,16,,0,30,1,1,0,0,1,0,0,,32.66,29.28235294,4,140.2,0.071428571,0,,,,3,6,30.97117647,0.033333333,140.2,0,18.85588,17.53719294,12.34,13.74516,,
MLT,P,MLTN3P,14,14,15,15,,,,1,0,1,0,1,4,4,33.7,32.70625,4,0,0.142857143,0.066666667,,,,,,33.203125,,0,,17.14666667,17.775,16.55333333,14.93125,,
MLT,P,MLTN1P,14,14,16,,0,30,1,1,0,0,1,0,2,2,29.54,34.00588235,4,0.2,0,0.375,,,,3,3,31.77294118,0.2,0.2,0,9.374532259,12.23888,24.46,21.58464941,,
MLT,P,MLTN2P,13,13,17,17,90,120,0,1,0,1,0,1,4,2,35.22857143,36.84444444,4,125.2,0.615384615,0.764705882,33.67692377,0.3,207.4,3,3,35.24997988,0.4,332.6,1,15.66428571,17.12777778,19.56428571,19.71666667,18.7010989,14.90659341
CMF,Q,CMFN1Q,1,,,,0,1,1,0,1,0,1,,,,31.85,,4,15,0,0,,,,2,4,31.85,0,15,0,15.6,,16.25,,,
CMF,Q,CMFN2Q,12,12,16,16,90,118,0,1,0,1,0,1,,2,30.13076923,35.32352941,4,25,0.083333333,0.625,35.52637363,0.392857143,58.6,2,4,33.66022409,0.186440678,83.6,1,9.6,14.4,2.537692377,2.923529412,17.04615385,18.48021978
ICE,Q,ICEN1Q,15,15,13,,0,28,1,1,0,0,1,0,,0,28.075,33.42857143,4,25,0.066666667,0.307692308,,,,4,4,30.75178572,0.178571429,25,0,1.413793134,13.25714286,2.625,2.171428571,,
MLT,Q,MLTN1Q,13,13,17,17,90,120,0,1,0,1,0,1,,1,29.45,28.37777778,4,0,0.307692308,0.117647059,34.68919891,0.2,33.4,4,4,30.83899223,0.1,33.4,1,1.15,9.544444444,19.3,18.83333333,15.08461538,19.6043956
MLT,Q,MLTN2Q,15,15,10,,0,25,1,1,0,0,1,0,3,0,34.35625,31.30909091,4,29.6,0.666666667,0.2,,,,4,4,32.83267046,0.48,29.6,0,13.14237692,1.236363636,19.5875,,,
SND,Q,SNDN1Q,4,,,,0,4,1,0,1,0,1,,,,26.56,,4,25,0,0,,,,0,0,26.56,0,25,0,6.26,,2.3,,,
TMT,Q,TMTN1Q,14,14,4,,0,18,1,1,0,0,1,0,,,30.32,33.7,4,25,0.071428571,0.5,,,,0,4,32.01,0.166666667,25,0,11.42152632,15.94,2.573333333,17.76,,
TMT,Q,TMTN2Q,13,13,12,12,2,27,1,1,0,1,0,1,3,1,35.29285714,36.97692308,4,23.2,0.615384615,0.833333333,36.133,0.333333333,0,0,4,36.13426007,0.703703704,23.2,0,16.85714286,16.78461538,19.27142857,2.192376924,,
CMF,R,CMFN1R,14,,,,0,14,1,0,1,0,1,,,,31.80769231,,4,1.2,0,0,,,,3,5,31.80769231,0,1.2,0,1.446666667,,21.81333333,,,
CMF,R,CMFN2R,,,,,,,,0,1,0,1,,,,,,4,0,0,0,,,,,,,,0,,0.611159912,,,,,
GHO,R,GHON1R,14,14,14,14,90,118,0,1,0,1,0,1,3,2,30.16923077,32.24,4,0,0.142857143,0.285714286,36.782,0.7,25.2,0,0,33.06374359,0.584745763,25.2,1,11.36666667,1.433333333,19.47333333,21.86666667,17.411,19.388
HAR,R,HARN1R,,,,,,,,0,1,0,1,,,,,,4,0,0,0,,,,,,,,0,,0.59875118,,,,,
MLT,R,MLTN1R,16,,,,0,16,1,0,1,0,1,,,,31.91333333,,4,0.8,0.3125,0,,,,5,5,31.91333333,0.3125,0.8,0,12.25294118,,19.97647588,,,
MLT,R,MLTN2R,14,14,20,20,90,120,0,1,0,1,0,1,1,1,36.78461538,35.45238095,4,1.2,0.714285714,0.6,36.629,0.670454545,74,5,5,36.28866545,0.653225806,75.2,1,16.73333333,16.76194762,2.713333333,18.69476195,18.2,18.407
PIX,R,PIXN1R,14,14,15,15,90,119,0,1,0,1,0,1,3,3,32.16153846,36.63125,4,1,0.285714286,0.733333333,36.551,0.666666667,63.2,4,4,35.11459615,0.630252101,64.2,1,1.433333333,14.525,21.86666667,22.1625,18.199,18.327
RNB,R,RNBN1R,11,,,,0,11,1,0,1,0,1,,,,30.69,,4,0,0.090909091,0,,,,2,3,30.69,0.090909091,0,0,12,,18.15833333,,,
RNB,R,RNBN2R,17,17,14,14,90,120,0,1,0,1,0,1,4,1,32.7875,36.06,4,1.2,0.411764706,0.642857143,36.578,0.688888889,54.2,2,3,35.14183333,0.644628099,55.4,1,12.14444444,15.58,21.38333333,2.48,18.29,18.288
SND,R,SNDN1R,14,14,9,,0,23,1,1,0,0,1,0,1,0,31.35384615,38.28,4,1.2,0.285714286,1,,,,1,1,34.81692308,0.565217391,1.2,0,13.68333333,17.7,21.58,2.58,,
SND,R,SNDN2R,16,16,14,,0,30,1,1,0,0,1,0,1,0,35.99333333,37.56,4,14.4,0.6875,0.785714286,,,,1,1,36.77666667,0.733333333,14.4,0,18.43225865,18.95333333,18.14117648,18.66666667,,
TNL,R,TNLN1R,12,,,,0,12,1,0,1,0,1,,,,33.00909091,,4,0.8,0.416666667,0,,,,0,11,33.00909091,0.416666667,0.8,0,12.51538462,,2.2,,,
TNL,R,TNLN2R,18,18,16,16,90,120,0,1,0,1,0,1,2,2,35.38823529,34.78823529,4,1.2,0.611111111,0.5,36.8,0.7,50,0,11,35.65882353,0.661290323,51.2,1,13.47894737,15.32352941,21.64736842,19.46475882,18.293,18.507
BAB,C,BABN2C,15,15,9,,0,24,1,1,0,0,1,0,,0,31.325,32.41,4,0.2,0.066666667,0.222222222,,,,0,0,31.8675,0.125,0.2,0,13.6875,12.93,17.6375,19.48,,
BAL,C,BALN1C,13,,,,0,13,1,0,1,0,1,,,0,31.06428571,,4,0.2,0.076923077,,,,,0,1,31.06428571,0.076923077,0.2,0,12.58571429,,18.47857143,,,
HOG,C,HOGN4C,14,14,14,14,90,118,0,1,0,1,0,1,,3,34.89333333,31.99333333,4,50.9,0.571428571,0.142857143,28.86153846,0.1,178.48,1,1,31.91606838,0.161016949,229.38,1,21.85333333,2.413333333,13.4,11.58,13.40659341,15.45494505
INF,C,INFN3C,12,,,,0,12,1,0,1,0,1,,,0,33.38461538,,4,2.8,0.416666667,,,,,0,0,33.38461538,0.416666667,2.8,0,15.34615385,,18.38461538,,,
TLB,C,TLBN1C,14,,15,15,90,119,0,1,0,1,0,1,,2,31,29.8875,4,0.2,0.071428571,0.066666667,33.859,0.4,58.6,0,0,31.58216667,0.319327731,58.8,1,1.986666667,9.53125,2.133333333,2.35625,16.67,17.16
TLB,C,TLBN2C,14,14,10,,0,24,1,1,0,0,1,0,,0,32.22666667,32.2,4,53.7,0.214285714,0.2,,,,0,0,32.21333333,0.208333333,53.7,0,2.5,2.381818182,11.72666667,11.81818182,,
BAB,D,BABN1D,13,13,14,,0,27,1,1,0,0,1,0,,0,35.50714286,30.18666667,4,48.4,0.769230769,0,,,,1,1,32.84690476,0.37037037,48.4,0,17.35714286,11.72666667,18.47142857,18.46,,
BAL,D,BALN3D,12,,,,0,12,1,0,1,0,1,,,0,35.17692308,,4,49.2,0.666666667,,,,,1,2,35.17692308,0.666666667,49.2,0,16.19237692,,18.98461538,,,
BAL,D,BALN4D,14,14,17,17,7,38,1,1,0,1,0,1,,2,30.26,37.31666667,4,64.8,0,0.823529412,37.875,0.875,0,1,2,35.15055556,0.552631579,64.8,0,12.85333333,18.27777778,17.46666667,19.38888889,19.43,17.38
FRX,D,FRXN1D,14,14,11,,0,25,1,1,0,0,1,0,,0,31.68666667,30,4,54.8,0.142857143,0.090909091,,,,0,0,30.84333333,0.12,54.8,0,14.73333333,13.29166667,17.61333333,16.78333333,,
HAR,D,HARN1D,13,13,8,,0,21,1,1,0,0,1,0,,0,28,35.52222222,4,0.2,0.230769231,0.75,,,,1,2,31.76111111,0.428571429,0.2,0,12.94285714,17.65555556,15.57142857,17.86666667,,
HAR,D,HARN2D,13,13,15,15,90,118,0,1,0,1,0,1,,2,31.61428571,31.43125,4,49.2,0.153846154,0.2,39.31318681,0.888888889,96.2,1,2,34.11957418,0.720338983,145.4,1,14.64285714,14.3625,16.97142857,17.6875,18.89340659,20.41978022
JET,D,JETN4D,7,,,,0,7,1,0,1,0,1,,,0,38.6875,,4,68.2,1,,,,,1,1,38.6875,1,68.2,0,19.1875,,19.5,,,
JET,D,JETN5D,14,,,,0,14,1,0,1,0,1,,,0,38.71333333,,4,11.6,1,,,,,1,1,38.71333333,1,11.6,0,19.79333333,,18.92,,,
HOG,E,HOGN2E,1,,,,0,1,1,0,1,0,1,,,0,30.8,,4,26,0,,,,,0,0,30.8,0,26,0,17.8,,13,,,
HOG,E,HOGN3E,16,,,,0,16,1,0,1,0,1,,,0,33.34117647,,4,82.2,0.3125,,,,,0,0,33.34117647,0.3125,82.2,0,16.31176476,,17.29411765,,,
INF,E,INFN2E,14,14,16,16,90,120,0,1,0,1,0,1,,4,31.44666667,32.57647059,4,71.6,0.142857143,0.25,38.75934659,0.888888889,195.7,0,2,34.26082795,0.716666667,267.3,1,15.24666667,16.75882353,16.2,15.87588235,20.02637363,18.73296703
RNB,E,RNBN2E,13,13,17,17,90,120,0,1,0,1,0,1,,2,29.47857143,32.19444444,4,26,0,0.294117647,37.67362637,0.822222222,194.2,0,0,33.11554742,0.658333333,220.2,1,16.83571429,16.14444444,12.64285714,16.5,19.55384615,18.49450549
SHA,E,SHAN7E,5,,,,0,5,1,0,1,0,1,,,0,30.01666667,,4,0,0,,,,,0,0,30.01666667,0,0,0,7.366666667,,22.65,,,
SOX,E,SOXN1E,15,15,18,18,90,120,0,1,0,1,0,1,,3,31.375,32.35263158,4,15.4,0.066666667,0.222222222,37.46263736,0.811111111,197.2,3,3,33.73008965,0.634146341,212.6,1,17.7625,16.37368422,13.66875,15.97894737,19.52307692,18.31428571
SOX,E,SOXN2E,14,14,15,15,90,119,0,1,0,1,0,1,,1,32.97333333,33.43125,4,116.2,0.214285714,0.333333333,36.57142857,0.688888889,154.6,3,3,34.3253373,0.588235294,270.8,1,19.16,19.5625,13.81333333,13.86875,18.09120879,18.48021978
SOX,E,SOXN3E,14,14,18,18,90,120,0,1,0,1,0,1,,2,34.74,33.13157895,4,110,0.5,0.222222222,27.79,0,91.6,3,3,31.88719298,0.090163934,201.6,1,21,19.63684215,13.74,13.49473684,11.89,15.89
HAR,F,HARN4F,14,14,6,,0,20,1,1,0,0,1,0,,0,32.82666667,32.7,4,139,0,0,,,,0,4,32.76333333,0,139,0,15.42666667,16.72857143,17.4,15.97142857,,
INF,F,INFN1F,9,,,,0,9,1,0,1,0,1,,,0,35.33,,4,0,0.777777778,,,,,0,1,35.33,0.777777778,0,0,15.36,,19.97,,,
SRC,F,SRCN2F,13,13,1,,0,14,1,1,0,0,1,0,,0,31.10714286,30.25,4,75.6,0.153846154,0,,,,0,0,30.67857143,0.142857143,75.6,0,2.542857143,21,1.564285714,9.25,,
SRC,F,SRCN3F,14,14,15,15,90,119,0,1,0,1,0,1,,2,30.27333333,33.4875,4,163.4,0,0,28.94821978,0.155555556,16.2,0,0,30.90301771,0.117647059,179.6,1,16.61333333,16.475,13.66,17.125,6.437362637,15.13002637
XHO,F,XHON2F,6,,,,0,6,1,0,1,0,1,,,0,33.94285714,,4,84,0.5,,,,,0,3,33.94285714,0.5,84,0,19.98571429,,13.95714286,,,
XHO,F,XHON3F,14,14,14,14,24,52,1,1,0,1,0,1,,3,31.67333333,30.40666667,4,81.6,0.071428571,0,32.736,0,1.6,0,3,31.60533333,0.019230769,83.2,0,2.6,18.46,11.73333333,11.94666667,10.13,17.86
CLA,G,CLAN2G,14,14,16,16,90,120,0,1,0,1,0,1,,3,,,4,14.8,,,36.723,0.7222,145.8,0,0,36.723,0.541666667,160.6,1,5.446666667,6.347588235,,,19.38,18.1
CRS,G,CRSN4G,16,16,8,,0,24,1,1,0,0,1,0,,0,37.83529412,36.81111111,4,53.4,0.8125,0.625,,,,1,1,37.32320261,0.75,53.4,0,21.11176476,2.655555556,16.72352941,16.15555556,,
CRS,G,CRSN5G,11,,,,0,11,1,0,1,0,1,,,0,35.63333333,,4,135.6,0.818181818,,,,,1,1,35.63333333,0.818181818,135.6,0,2.141666667,,15.49166667,,,
RNB,F,RNBN3F,14,14,4,,0,18,1,1,0,0,1,0,,0,,,4,1.4,,,,,,1,2,,0,1.4,0,15.24666667,5.2,,,,
RNB,G,RNBN1G,9,,,,0,9,1,0,1,0,1,,,0,,,4,15,,,,,,1,2,,0,15,0,4.14,,,,,
RNB,G,RNBN2G,14,14,11,11,90,115,1,1,0,1,0,1,,1,,,4,15,,0.909090909,36.86,0.655555556,188.8,1,2,36.86,0.608695652,203.8,1,7.193333333,17.625,,,19.45,17.41
RNB,G,RNBN3G,14,14,17,17,90,120,0,1,0,1,0,1,,4,35.15333333,33.78333333,4,123.4,0.642857143,0.411764706,31.861,0.277777778,36.6,1,2,33.59922222,0.338842975,160,1,18.56,19.11111111,16.59333333,14.77222222,13.22,18.71
SOX,G,SOXN1G,14,,,,0,14,1,0,1,0,1,,,0,,,4,14.6,,,,,,1,5,,0,14.6,0,12.22,,,,,
SOX,G,SOXN2G,14,14,14,,0,28,1,1,0,0,1,0,,0,,,4,15,,,,,,1,5,,0,15,0,,17.8,,,,
SOX,G,SOXN3G,14,14,4,,0,18,1,1,0,0,1,0,,0,39.73333333,39.86,4,66.8,0.928571429,1,,,,1,5,39.79666667,0.944444444,66.8,0,18.12666667,18.32,21.66666667,21.54,,
BMD,H,BMDN1H,1,,,,0,1,1,0,1,0,1,,,,29.05,,4,0,0,,,,,1,1,29.05,0,0,0,6.4,,22.65,,,
BMD,H,BMDN3H,13,13,14,14,90,117,0,1,0,1,0,1,,2,36.14285714,33.73333333,4,0.6,0.692307692,0.142857143,33.84395644,0.577777778,191.4,1,1,34.57338231,0.538461538,192,1,19.15714286,19.68666667,16.98571429,14.46666667,18.47582418,15.32857143
BMD,H,BMDN4H,15,15,4,,0,19,1,1,0,0,1,0,,0,31.4875,33.02,4,2,0.066666667,0.25,,,,1,1,32.25375,0.105263158,2,0,2.4625,18.76,11.8125,14.26,,
HOG,H,HOGN4H,15,15,13,13,90,118,0,1,0,1,0,1,,2,31.63125,33.2,4,2,0.066666667,0.230769231,,0.233333333,93.3,1,2,32.415625,0.211864407,95.3,1,2.1625,18.8,11.525,14.4,13.75274725,16.6978022
SPH,H,SPHN1H,14,14,13,,0,27,1,1,0,0,1,0,,,32.18666667,30.85714286,4,0,0.357142857,0.153846154,,,,1,1,31.52190476,0.259259259,0,0,12.54,13.95714286,19.64666667,16.9,,
SPH,H,SPHN2H,7,,,,0,7,1,0,1,0,1,,,0,35.4875,,4,0,0.714285714,,,,,1,1,35.4875,0.714285714,0,0,17.5625,,17.925,,,
SPH,H,SPHN3H,12,,,,0,12,1,0,1,0,1,,,0,33.74615385,,4,1.8,0.083333333,,,,,1,1,33.74615385,0.083333333,1.8,0,21.26923769,,12.47692377,,,
SPH,H,SPHN4H,12,12,10,10,13,35,1,1,0,1,0,1,,1,32.58461538,34.01818182,4,1.8,0.166666667,0.5,32.864,0.285714286,0.2,0,1,33.15559907,0.314285714,2,0,2.923769238,18.65454545,12.49237692,15.36363636,13.27,15.77
SRC,H,SRCN1H,8,,,,0,8,1,0,1,0,1,,,0,33.93333333,,4,0,0.5,,,,,1,1,33.93333333,0.5,0,0,13.53333333,,2.4,,,
SRC,H,SRCN2H,14,14,13,,0,27,1,1,0,0,1,0,,0,34.3,36.55714286,4,0,0.428571429,0.846153846,,,,1,1,35.42857143,0.62962963,0,0,18.46666667,17.55714286,16.25333333,19,,
BMD,J,BMDN3J,13,13,15,,0,28,1,1,0,0,1,0,,0,31.92142857,35.41875,4,13.6,0.076923077,0.6,,,,2,2,33.67008929,0.357142857,13.6,0,17.72142857,18.2375,15.47142857,17.43125,,
HLV,J,HLVN1J,14,14,15,15,39,68,1,1,0,1,0,1,,1,35.62666667,36.5125,4,44,0.5,0.866666667,32.488,0.225,96.4,0,0,34.87572222,0.426470588,140.4,0,19.78666667,2.625,15.76666667,16.575,17.2,15.78
INF,J,INFN1J,7,,,,0,7,1,0,1,0,1,,,0,30.95,,4,0,0.142857143,,,,,0,4,30.95,0.142857143,0,0,11.3125,,19.6375,,,
INF,J,INFN2J,14,14,14,14,90,118,0,1,0,1,0,1,,2,31.21333333,30.94666667,4,2.4,0.285714286,0.214285714,33.816,0.377777778,129.4,0,4,31.992,0.347457627,131.8,1,12.26,1.26,18.95333333,2.48,17.94,15.87
INF,J,INFN3J,12,,,,0,12,1,0,1,0,1,,,0,33.66923077,,4,45.2,0.416666667,,,,,0,4,33.66923077,0.416666667,45.2,0,19.28461538,,14.72376924,,,
INF,J,INFN4J,14,14,5,,0,19,1,1,0,0,1,0,,0,33.25333333,37.06666667,4,86.2,0.428571429,1,,,,0,4,35.16,0.578947368,86.2,0,2.34,18.68333333,13.96666667,18.38333333,,
JBW,J,JBWN1J,,14,,16,90,90,1,1,0,1,0,1,,,31.41,33.02,4,,0.214285714,0.235294118,35.7,0.555555556,172.6,1,1,33.37666667,0.555555556,172.6,1,1.366666667,15.25294118,2.35,17.51,18.62,17.05
MHC,J,MHCN1J,5,,,,0,5,1,0,1,0,1,,,0,32.33333333,,4,2.4,0.4,,,,,0,0,32.33333333,0.4,2.4,0,1.633333333,,2.55,,,
MHC,J,MHCN2J,14,14,6,,0,20,1,1,0,0,1,0,,0,31.88,35.11428571,4,13.6,0.071428571,0.666666667,,,,0,0,33.49714286,0.25,13.6,0,17.85333333,17.31428571,15.26,18.28571429,,
MHC,J,MHCN3J,12,,,,0,12,1,0,1,0,1,,,0,36.87692308,,4,44.6,0.833333333,,,,,0,0,36.87692308,0.833333333,44.6,0,19.65384615,,17.35384615,,,
MMN,J,MMNN1J,1,,,,0,10,1,0,1,0,1,,,0,33.75454545,,4,45.2,0.4,,,,,0,3,33.75454545,0.4,45.2,0,18.14545455,,15.36363636,,,
NTU,J,NTUN2J,14,14,17,,0,31,1,1,0,0,1,0,,0,31.8,32.3,4,2.4,0.285714286,0.352941176,,,,2,2,32.05,0.322580645,2.4,0,12.17333333,13.16666667,19.62666667,18.65555556,,
NTU,J,NTUN3J,13,13,14,14,90,117,0,1,0,1,0,1,,2,33.18571429,35.42,4,23.2,0.307692308,0.5,34.94129593,0.522222222,97.599983,2,2,34.51567007,0.495726496,120.799983,1,17.27857143,19.12,16.67142857,16.12666667,18.38901099,16.55228495
SHA,J,SHAN1J,2,,,,0,2,1,0,1,0,1,,,0,35.2,,4,0,0.5,,,,,1,1,35.2,0.5,0,0,14.56666667,,2.633333333,,,
SHA,J,SHAN2J,14,14,16,16,90,120,0,1,0,1,0,1,,2,32.64666667,31.21176471,4,2.4,0.357142857,0.25,35.69591758,0.588888889,147.200029,1,1,33.18478298,0.516666667,149.600029,1,11.85333333,11.29411765,2.793333333,19.77588235,17.34285714,18.35304462
SHA,J,SHAN4J,13,13,14,14,9,36,1,1,0,1,0,1,,1,31.17857143,32.68666667,4,36.2,0.076923077,0.214285714,37.17,0.9,4.4,1,1,33.6784127,0.361111111,40.6,0,18.97857143,19.35333333,13.25714286,14.16,13.08,18.21
SPH,J,SPHN1J,6,,,,0,6,1,0,1,0,1,,,0,32.47142857,,4,0,0.166666667,,,,,1,2,32.47142857,0.166666667,0,0,12.57142857,,2.414285714,,,
XHO,J,XHON1J,14,14,19,19,90,120,0,1,0,1,0,1,,3,32.41333333,30.74,4,2.4,0.357142857,0.210526316,33.967,0.4,87.4,0,3,32.37344444,0.365853659,89.8,1,11.66666667,1.83,2.866666667,19.75,17.54,16.42
XHO,J,XHON2J,14,14,15,15,32,61,1,1,0,1,0,1,,3,31.59333333,32.89375,4,39.2,0.142857143,0.266666667,34.815,0.636363636,22,0,3,33.10069444,0.442622951,61.2,0,18.97333333,19.39375,13.64666667,14.275,12.87,18.32
HLV,K,HLVN1K,14,14,15,,0,29,1,1,0,0,1,0,,0,33.10666667,35.59375,4,13.4,0.214285714,0.666666667,,,,0,0,34.35020833,0.448275862,13.4,0,12.76,15.98125,2.346666667,19.6125,,
XHO,K,XHON1K,14,14,17,17,1,32,1,1,0,1,0,1,,1,32.00666667,35.13888889,4,24,0.142857143,0.470588235,32.5,0,0,1,4,33.21518519,0.3125,24,0,16.36666667,18.6,15.64,16.53888889,17.52,17.26
BMD,L,BMDN7L,15,15,9,,0,24,1,1,0,0,1,0,,0,31.93125,30.58,4,85,0,0,,,,4,6,31.255625,0,85,0,18.725,16.6,13.3875,14.4,,
BMD,L,BMDN8L,12,12,16,16,,,,1,0,1,0,1,,3,28.86923077,27.80588235,4,136,0,0,,,,,,28.33755656,,136,,1.923769238,11.45294118,19.84615385,17.42941176,,
CLA,L,CLAN1L,13,13,15,15,7,35,1,1,0,1,0,1,,3,30.77142857,35.44375,4,0,0.230769231,0.6,34.938,0.5,19.6,1,1,33.71772619,0.457142857,19.6,0,1.857142857,15.29375,19.91428571,2.6875,18.96,15.39
CLA,L,CLAN2L,14,14,20,20,90,120,0,1,0,1,0,1,,3,32.97333333,34.66190476,4,19.6,0.285714286,0.35,33.12352253,0.277777778,142.8,1,1,33.58625354,0.290322581,162.4,1,18.92666667,19.91947619,15.62666667,15.69523895,18.15604396,14.96747857
HAR,L,HARN1L,15,15,14,14,90,119,0,1,0,1,0,1,,1,29.925,32.21333333,4,0,0.066666667,0.357142857,34.46843824,0.422222222,136.2,0,3,32.20225719,0.369747899,136.2,1,9.13125,12.96666667,2.79375,19.24666667,18.29120879,16.17722945
HAR,L,HARN2L,14,14,12,,0,26,1,1,0,0,1,0,,0,32.46,33.92307692,4,20.4,0.142857143,0.25,,,,0,3,33.19153846,0.192307692,20.4,0,18.87333333,2.769237692,14.97333333,15.37692377,,
HAR,L,HARN3L,8,,,,0,8,1,0,1,0,1,,,0,32.2,,4,78.6,0.375,,,,,0,3,32.2,0.375,78.6,0,17.14444444,,16.22222222,,,
HAR,L,HARN4L,14,14,14,,0,28,1,1,0,0,1,0,,0,37.47333333,31.86,4,83.2,0.928571429,0.214285714,,,,0,3,34.66666667,0.571428571,83.2,0,21.74,2.54,15.34666667,12.12666667,,
HAR,L,HARN5L,9,,,,0,9,1,0,1,0,1,,,0,32.63,,4,83.2,0,,,,,0,3,32.63,0,83.2,0,19.29,,13.89,,,
INF,L,INFN1L,3,,,,0,3,1,0,1,0,1,,,0,32.875,,4,0,0,,,,,2,6,32.875,0,0,0,8.775,,24.1,,,
INF,L,INFN2L,14,14,20,20,90,120,0,1,0,1,0,1,,3,31.36,34.98095238,4,0,0.285714286,0.5,34.2955833,0.388888889,134.2,2,6,33.54551189,0.39516129,134.2,1,11.42,16.57142857,19.94,19.44285714,19.16263736,15.13294593
INF,L,INFN3L,15,15,11,,0,26,1,1,0,0,1,0,,0,34.2875,33.56666667,4,37,0.266666667,0.545454545,,,,2,6,33.92708333,0.384615385,37,0,19.99375,18.35,15.44375,16.125,,
INF,L,INFN4L,15,15,12,12,90,117,0,1,0,1,0,1,,2,36.41875,32.29230769,4,83.4,0.733333333,0.333333333,,0.022222222,78.6,2,6,34.35552885,0.145299145,162,1,21.775,2.392376924,14.4125,12.86153846,12.64835165,17.37503582
INF,L,INFN5L,14,14,15,15,90,119,0,1,0,1,0,1,,2,28.64666667,28.525,4,136.4,0,0,23.77252747,0,11.4,2,6,26.98139805,0,147.8,1,12.66666667,12.49375,18.29333333,17.25625,2.782417582,20.99010989
RNB,L,RNBN1L,14,14,16,16,90,120,0,1,0,1,0,1,,2,32.1,29.42941176,4,0,0.071428571,0.125,34.74971644,0.455555556,119.8,2,5,32.09304273,0.366666667,119.8,1,9.266666667,1.729411765,23.73333333,18.7,17.88571429,16.86400176
SND,L,SNDN6L,13,13,10,,0,23,1,1,0,0,1,0,,0,32.67857143,32.62727273,4,90.8,0.384615385,0,,,,2,5,32.65292208,0.217391304,90.8,0,2.378571429,19.3999999,12.97857143,13.45454545,,
SND,L,SNDN7L,11,,,,0,11,1,0,1,0,1,,,0,30.64166667,,4,95.8,0,,,,,2,5,30.64166667,0,95.8,0,16.775,,14.21666667,,,
SND,L,SNDN8L,14,14,8,,0,22,1,1,0,0,1,0,,0,27.78666667,28.18888889,4,129.8,0,0,,,,2,5,27.98777778,0,129.8,0,11.46666667,1.444444444,17.78,18.93333333,,
TWH,L,TWHN2L,16,16,19,19,90,120,0,1,0,1,0,1,,4,33.24117647,34.435,4,19.6,0.25,0.315789474,32.997,0.288888889,142.8,0,0,33.55772549,0.288,162.4,1,18.75294118,19.865,15.92352941,15.525,18.46,14.54
CLA,M,CLAN1M,14,14,9,,0,23,1,1,0,0,1,0,,0,30.32666667,29.21,4,5.2,0.214285714,0,,,,0,3,29.76833333,0.130434783,5.2,0,11.38666667,9.49,18.94,19.62,,
CMF,M,CMFN1M,8,,,,0,8,1,0,1,0,1,,,0,27.8,,4,6.4,0,,,,,1,1,27.8,0,6.4,0,7.2,,2.1,,,
CMF,M,CMFN3M,11,11,16,16,90,117,0,1,0,1,0,1,,1,32.51666667,31.66470588,4,4,0.272727273,0.1875,36.31868132,0.655555556,31.4,1,1,33.50001796,0.555555556,35.4,1,17.5,15.29411765,16.25,18.62352941,17.80659341,18.22527473
HAR,M,HARN1M,14,14,15,15,90,119,0,1,0,1,0,1,,2,31.23333333,33.73125,4,6.4,0.214285714,0.4,35.26813187,0.577777778,38,1,4,33.41090507,0.512605042,44.4,1,12.27333333,16.39375,21.4,18.2625,17.1967033,18.07142857
HLV,M,HLVN1M,14,14,12,,0,26,1,1,0,0,1,0,,0,29.54666667,30.55384615,4,5.4,0,0.166666667,,,,2,2,30.05025641,0.076923077,5.4,0,1.226666667,12.86153846,19.12,19.73846154,,
HLV,M,HLVN2M,14,14,22,22,90,120,0,1,0,1,0,1,,2,33.06666667,33.0826087,4,5.8,0.285714286,0.409090909,36.22197822,0.666666667,38.2,2,2,34.12375119,0.579365079,44,1,17.63333333,15.88695652,16.73333333,19.65217391,18.4021978,17.8
RNB,M,RNBN1M,12,12,15,15,90,117,0,1,0,1,0,1,,3,31.05384615,33.73125,4,4.8,0.25,0.4,35.26813187,0.577777778,38,3,6,33.35107601,0.521367521,42.8,1,11.73769238,16.39375,21.73769238,18.2625,17.1967033,18.07142857
SND,M,SNDN1M,9,,,,0,9,1,0,1,0,1,,,0,30.43,,4,5.2,0.111111111,,,,,3,6,30.43,0.111111111,5.2,0,11.24,,19.19,,,
SND,M,SNDN2M,9,,,,0,9,1,0,1,0,1,,,0,28.87,,4,6.4,0,,,,,3,6,28.87,0,6.4,0,9.81,,19.2,,,
SND,M,SNDN3M,14,14,15,15,90,119,0,1,0,1,0,1,,3,33.26,33.20625,4,4.8,0.357142857,0.333333333,35.34725275,0.588888889,38,3,6,33.93783425,0.529411765,42.8,1,13.16,17.35,22.34,17.375,17.14285714,18.2043956
SRC,M,SRCN1M,13,13,14,,0,27,1,1,0,0,1,0,,0,29.9,30,4,5.2,0.153846154,0.071428571,,,,1,5,29.95,0.111111111,5.2,0,1.928571429,9.873333333,18.97142857,2.78,,
SRC,M,SRCN2M,3,,,,0,3,1,0,1,0,1,,,,34.025,,4,4,0.333333333,,,,,1,5,34.025,0.333333333,4,0,16.675,,18,,,
SRC,M,SRCN3M,13,13,7,,0,20,1,1,0,0,1,0,,,34.59285714,36.15,4,20.8,0.615384615,0.714285714,,,,0,1,35.37142857,0.65,20.8,0,16.16428571,2.475,2.5,17.4,,
CMF,N,CMFN1N,14,14,15,15,17,46,1,1,0,1,0,1,,1,34.69333333,35.44375,4,16,0.785714286,0.666666667,35.344,0.611111111,0,2,2,35.16036111,0.695652174,16,0,15.43333333,15.44375,16.8,2,19.85,16.39
CTR,N,CTRN2N,6,,,,0,6,1,0,1,0,1,,,0,37.61428571,,4,22.4,1,,,,,0,0,37.61428571,1,22.4,0,19.3,,17.38571429,,,
MLT,N,MLTN1N,14,14,15,15,90,119,0,1,0,1,0,1,,1,35.62666667,35.21875,4,18.8,0.785714286,0.466666667,36.64116154,0.666666667,22.8,2,2,35.8288594,0.655462185,41.6,1,17.84666667,16.25625,17.78,18.9625,20.91978022,15.68433593
BMD,P,BMDN4P,14,14,16,16,90,120,0,1,0,1,0,1,3,3,33.11333333,32.55882353,5,11.2,0.142857143,0.0625,32.551,0.077777778,74.6,2,9,32.74105229,0.083333333,85.8,1,19.66666667,16.72941176,14.16666667,15.82941176,9.90047478,9.826406319
HAR,P,HARN1P,14,14,15,15,90,119,0,1,0,1,0,1,3,3,28.80714286,32.64375,5,0,0,0.2,35.37582418,0.566666667,127.6,0,3,32.27557235,0.453781513,127.6,1,5.466666667,11.18794313,22.9,21.26256875,18.1502256,17.22559857
HAR,P,HARN2P,4,,,,0,4,1,0,1,0,1,,2.4,0,38.68,,5,29.8,1,0,,,,0,3,38.68,1,29.8,0,2.6,,18.62,,,
ICE,P,ICEN1P,14,14,14,,0,28,1,1,0,0,1,0,0,,28.02857143,30.14666667,5,0,0.071428571,0.071428571,,,,3,3,29.08761905,0.071428571,0,0,6,5.366666667,21.19333333,24.84,,
ICE,P,ICEN2P,14,14,4,,0,18,1,1,0,0,1,0,0,,36.37333333,34.36,5,0.2,0.571428571,0.5,,,,3,3,35.36666667,0.555555556,0.2,0,15.48792263,16.18,2.255298,18.18,,
ICE,P,ICEN3P,16,16,15,15,18,49,1,1,0,1,0,1,0,,36.60588235,37.175,5,2.8,0.75,0.866666667,35.679,0.631578947,31.2,3,3,36.48662745,0.755102041,34,0,17.35294118,18.9625,19.25294118,18.26875,18.27,14.71
MRT,P,MRTN1P,13,13,15,15,90,118,0,1,0,1,0,1,1,0,36.44285714,30.7375,5,29.8,0.692307692,0.066666667,32.732,0.081081081,98.2,0,0,33.30411905,0.13559322,128,1,19.24285714,19.4625,16.73571429,11.275,16.5,16.09
SND,P,SNDN4P,14,14,15,15,90,119,0,1,0,1,0,1,3,2,30.71333333,33.8,5,157.8,0.071428571,0.133333333,32.476,0.077777778,133,5,8,32.32977778,0.084033613,290.8,1,19.42,15.98125,11.29333333,17.81875,11.86530995,11.03190082
BMD,Q,BMDN1Q,15,15,15,15,90,120,0,1,0,1,0,1,,3,28.35,28.1125,5,0,0.266666667,0.066666667,34.12857143,0.166666667,33.2,3,10,30.19702381,0.083333333,33.2,1,1.8375,9.5875,17.5125,18.525,14.11538462,20.01318681
JBW,R,JBWN1R,14,14,7,,0,21,1,1,0,0,1,0,,,31.36153846,39.25,5,1.2,0.285714286,1,,,,4,8,35.30576923,0.523809524,1.2,0,13.34999991,18.625,21.13333333,21.1875,,
JBW,R,JBWN2R,5,,,,0,5,1,0,1,0,1,,,,39.25,,5,14.8,1,0,,,,4,8,39.25,1,14.8,0,17.41666667,,21,,,
BAB,C,BABN1C,14,14,7,,0,21,1,1,0,0,1,0,,0,31.42666667,32.875,5,0,0,0.142857143,,,,0,0,32.15083333,0.047619048,0,0,11.15333333,12.3,2.273333333,2.575,,
HAR,C,HARN2C,5,,,,0,5,1,0,1,0,1,,,0,31.06666667,,5,2.8,0,,,,,0,1,31.06666667,0,2.8,0,15.85,,15.21666667,,,
HAR,C,HARN3C,13,13,15,,0,28,1,1,0,0,1,0,,0,35.00714286,35.7375,5,8.2,0.692307692,0.6,,,,0,1,35.37232143,0.642857143,8.2,0,19.29285714,16.95625,15.71428571,18.78125,,
HOG,C,HOGN1C,4,,,,0,4,1,0,1,0,1,,,0,33.24,,5,0.2,0,,,,,1,1,33.24,0,0.2,0,12.2,,21.4,,,
HOG,C,HOGN2C,14,14,11,,0,25,1,1,0,0,1,0,,0,27.9,31.875,5,0.2,0,0.090909091,,,,1,1,29.8875,0.04,0.2,0,8.573333333,14.8,19.32666667,17.75,,
HOG,C,HOGN3C,12,12,16,16,90,118,0,1,0,1,0,1,,2,30.42307692,34.71176471,5,3,0.166666667,0.6875,34.222,0.469387755,61.5,1,1,33.11894721,0.5,64.5,1,13.78461538,17.18235294,16.63846154,17.52941176,19.82,14.44
BGL,D,BGLN1D,14,14,5,,0,19,1,1,0,0,1,0,,0,28.82666667,33.56666667,5,0.4,0.357142857,0.4,,,,1,1,31.19666667,0.368421053,0.4,0,12.6,17.21666667,16.76666667,16.35,,
BGL,D,BGLN2D,1,,,,0,10,1,0,1,0,1,,,0,31.37272727,,5,49.2,0.2,,,,,1,1,31.37272727,0.2,49.2,0,14.45454545,,16.91818182,,,
BGL,D,BGLN3D,14,14,19,,0,33,1,1,0,0,1,0,,0,38.03333333,37.19,5,68.2,0.857142857,0.842105263,,,,1,1,37.61166667,0.848484848,68.2,0,18.26666667,19.855,19.76666667,17.335,,
BGL,D,BGLN4D,7,,,,0,7,1,0,1,0,1,,,0,39.3125,,5,11.6,1,,,,,1,1,39.3125,1,11.6,0,18.9375,,2.375,,,
GON,D,GONN1D,14,14,17,17,90,120,0,1,0,1,0,1,,2,35.48666667,30.91111111,5,46.6,0.714285714,0.117647059,39.59673297,0.888888889,98,0,0,35.33150358,0.760330579,144.6,1,16.63333333,12.81666667,18.85333333,18.94444444,19.40549451,20.19120879
RNB,D,RNBN1D,14,14,18,18,90,120,0,1,0,1,0,1,,3,29.94,33.82105263,5,0,0.357142857,0.555555556,39.43465935,0.866666667,75.25,1,3,34.39857066,0.762295082,75.25,1,14.32,15.55263158,15.62,18.26842153,19.34615385,19.91208791
CLA,E,CLAN1E,14,14,11,11,90,115,1,1,0,1,0,1,,1,33.39333333,32.4,5,82.2,0.357142857,0.090909091,38.84725275,0.888888889,170.7,0,0,34.88019536,0.747826087,252.9,1,16.82666667,15.99166667,16.56666667,16.48333333,20.2956044,18.55164835
CLA,E,CLAN2E,11,,,,,,,0,1,0,1,,,,34.75,,5,106.4,0.545454545,,,,,,,34.75,,106.4,,19.75,,15,,,
CLA,E,CLAN3E,14,14,18,18,90,120,0,1,0,1,0,1,,2,34.8,30.11578947,5,110,0.428571429,0.055555556,28.14659347,0.144444444,93.2,0,0,31.02079431,0.163934426,203.2,1,19.86666667,18.33157895,14.93333333,11.78421526,9.046153846,19.09450549
HOG,E,HOGN6E,16,,,,0,16,1,0,1,0,1,,,0,28.32352941,,5,0,0,,,,,0,0,28.32352941,0,0,0,7.358823529,,2.964758824,,,
HOG,E,HOGN7E,15,15,15,15,90,120,0,1,0,1,0,1,,2,31.7375,34.25,5,0,0.266666667,0.4,38.98219782,0.877777778,90.1,0,0,34.98989927,0.741666667,90.1,1,12.125,16.5625,19.6125,17.6875,18.81758242,20.16263736
XHO,E,XHON3E,14,14,15,15,90,119,0,1,0,1,0,1,,3,30.10666667,33.1625,5,48.6,0,0.333333333,38.59455495,0.855555556,201.7,0,0,33.95457387,0.68907563,250.3,1,15.52,16.51875,14.58666667,16.64375,20.00769231,18.58681319
XHO,E,XHON4E,12,12,16,16,90,118,0,1,0,1,0,1,,3,32.74615385,33.55882353,5,114.4,0.166666667,0.375,36.57142857,0.688888889,154.6,0,0,34.29213532,0.593220339,269,1,19.31538462,19.61176476,13.43769238,13.94758824,18.09120879,18.48021978
CRS,F,CRSN2F,14,14,7,,0,21,1,1,0,0,1,0,,0,35.92,35.5,5,66,0.714285714,0.571428571,,,,0,0,35.71,0.666666667,66,0,22.18666667,17.25,13.73333333,18.475,,
CRS,F,CRSN3F,9,,,,0,9,1,0,1,0,1,,,0,30.28,,5,163.4,0,,,,,0,0,30.28,0,163.4,0,18.22,,12.6,,,
HOG,F,HOGN1F,13,13,17,17,90,120,0,1,0,1,0,1,,2,34.89285714,35.64444444,5,24.2,0.461538462,0.588235294,37.51832377,0.755555556,137.4,0,3,36.01854179,0.7,161.6,1,2.714285714,21.88888889,14.88571429,13.75555556,19.1989011,18.31942198
SHA,E,SHAN8E,13,,,,0,13,1,0,1,0,1,,,,29.54285714,,5,0,0.076923077,,,,,1,1,29.54285714,0.076923077,0,0,1.171428571,,19.37142857,,,
SHA,F,SHAN1F,9,,,,0,9,1,0,1,0,1,,,0,33.24,,5,0,0.111111111,,,,,1,1,33.24,0.111111111,0,0,17.7,,16.17,,,
SHA,F,SHAN2F,14,14,15,15,15,44,1,1,0,1,0,1,,1,34.61333333,34.7125,5,18.8,0.428571429,0.333333333,35.75,0.625,25,1,1,35.02527778,0.477272727,43.8,0,16.11333333,21.4375,18.5,13.66875,20.25,14.43
SHA,F,SHAN4F,14,14,15,15,4,33,1,1,0,1,0,1,,3,32.44666667,31.625,5,84,0.357142857,0.066666667,31.62,0,0,1,1,31.89722222,0.181818182,84,0,2.173333333,2.5,12.27333333,11.125,11.9,17.23
SND,F,SNDN2F,1,,,,0,10,1,0,1,0,1,,,0,36.63636364,,5,66,0.8,,,,,0,0,36.63636364,0.8,66,0,21.63636364,,15.57272727,,,
SOX,F,SOXN4F,6,,,,0,6,1,0,1,0,1,,,0,29.21428571,,5,150,0,,,,,0,4,29.21428571,0,150,0,18.88571429,,1.328571429,,,
SOX,F,SOXN5F,2,,,,0,2,1,0,1,0,1,,,0,32.26666667,,5,131.2,0,,,,,0,4,32.26666667,0,131.2,0,15.26666667,,17,,,
HOG,G,HOGN1G,16,16,17,17,90,120,0,1,0,1,0,1,,2,,,5,14.6,,,35.3,0.244444444,144.8,0,1,35.3,0.178861789,159.4,1,1.582352941,,,,19.53,15.5
SHA,G,SHAN2G,14,14,4,,0,18,1,1,0,0,1,0,,0,31.76,38.96,5,18.6,0.571428571,1,,,,2,2,35.36,0.666666667,18.6,0,17.28,16.54,14.48,22.42,,
SHA,G,SHAN3G,12,,,,0,12,1,0,1,0,1,,,0,37.43846154,,5,53.4,0.75,,,,,2,2,37.43846154,0.75,53.4,0,2.853846154,,16.58461538,,,
SHA,G,SHAN4G,14,14,14,14,90,118,0,1,0,1,0,1,,2,35.36666667,35.50666667,5,66.6,0.5,0.714285714,33.13,0.3444,80.4,2,2,34.66777778,0.406779661,147,1,2.266666667,19.24,15.1,16.26666667,15.07,18.08
SND,G,SNDN1G,1,,,,0,1,1,0,1,0,1,,,0,33,,5,14.6,1,,,,,1,1,33,1,14.6,0,12.5,,2.95,,,
SND,G,SNDN2G,7,,,,0,7,1,0,1,0,1,,,0,,,5,15,,,,,,1,1,,0,15,0,,,,,,
SND,G,SNDN4G,15,15,13,13,90,118,0,1,0,1,0,1,,3,40.7625,37.87142857,5,53.8,1,0.769230769,34.2,0.3,161.6,1,1,37.61130952,0.440677966,215.4,1,17.63125,2.421428571,23.13125,17.45,19.27,14.98
SND,G,SNDN6G,14,14,14,,0,28,1,1,0,0,1,0,,0,33.50666667,36.16666667,5,132.6,0.357142857,0.714285714,,,,1,1,34.83666667,0.535714286,132.6,0,18.6,15.34666667,15.44666667,2.82,,
SOX,G,SOXN4G,3,,,,0,3,1,0,1,0,1,,,0,37.775,,5,53.4,1,,,,,1,5,37.775,1,53.4,0,21.25,,16.75,,,
SOX,G,SOXN5G,16,16,15,15,90,120,0,1,0,1,0,1,,2,34.57647059,35.23125,5,84,0.375,0.733333333,32.723,0.3222,79.6,1,5,34.17690686,0.380165289,163.6,1,19.12941176,18.5375,15.44758824,16.69375,14.62,18.14
SRC,G,SRCN1G,14,14,9,,0,23,1,1,0,0,1,0,,0,,,5,14.8,,0.111111111,,,,0,0,,0.043478261,14.8,0,4.933333333,1.57,,,,
SRC,G,SRCN2G,6,,,,0,6,1,0,1,0,1,,,0,26.37142857,,5,17.2,0,,,,,0,0,26.37142857,0,17.2,0,14.92857143,,11.44285714,,,
SRC,G,SRCN3G,14,14,15,,0,29,1,1,0,0,1,0,,0,38.02,36.35625,5,53.4,0.785714286,0.666666667,,,,0,0,37.188125,0.724137931,53.4,0,2.62,2.96875,17.4,15.3875,,
HAR,H,HARN1H,15,15,14,14,41,70,1,1,0,1,0,1,,3,36.075,35.82,5,0,0.733333333,0.642857143,34.157,0.238095238,1.4,0,2,35.35066667,0.428571429,1.4,0,17.88125,19.4,18.19375,16.78,19.48,14.04
HAR,H,HARN2H,14,14,15,15,90,119,0,1,0,1,0,1,,1,33.66666667,32.6375,5,2,0.428571429,0.066666667,25.853,0.033333333,4.3,0,2,30.71905556,0.084033613,6.3,1,18.46666667,18.74375,15.62,13.89375,8.85,17.01
HOG,H,HOGN1H,15,,,,0,15,1,0,1,0,1,,,0,31.05,,5,0,0.133333333,,,,,1,2,31.05,0.133333333,0,0,1.16875,,2.88125,,,
HOG,H,HOGN3H,14,14,14,14,90,118,0,1,0,1,0,1,,2,33.75333333,36.18666667,5,0,0.285714286,0.785714286,35.48241758,0.733333333,236,1,2,35.14080586,0.686440678,236,1,15.43333333,17.42666667,18.32,18.76,19.4043956,16.07802198
NTU,H,NTUN1H,14,14,15,15,90,119,0,1,0,1,0,1,,2,32.01333333,32.825,5,0,0.285714286,0.333333333,37.32417582,0.777777778,165,1,1,34.05416972,0.663865546,165,1,13.46666667,11.78125,18.96666667,21.4375,19.18791209,18.13626374
BMD,J,BMDN2J,11,,,,0,11,1,0,1,0,1,,,0,32.70833333,,5,2.4,0.363636364,,,,,2,2,32.70833333,0.363636364,2.4,0,14.34166667,,18.28333333,,,
BMD,J,BMDN5J,14,,,,0,14,1,0,1,0,1,,,0,33.32,,5,45.2,0.357142857,,,,,2,2,33.32,0.357142857,45.2,0,18.88666667,,14.74666667,,,
BMD,J,BMDN6J,15,15,14,14,90,119,0,1,0,1,0,1,,2,32.89375,37.77333333,5,85.4,0.266666667,1,28.53166484,0.055555556,23.599999,2,2,33.06624939,0.193277311,108.999999,1,19.39375,18.78666667,14.275,18.98666667,10.54285714,17.51030934
CLA,J,CLAN1J,16,16,16,16,90,120,0,1,0,1,0,1,,3,32.10588235,32.3,5,0,0.25,0.375,33.543,0.355555556,48.6,0,2,32.64962745,0.344262295,48.6,1,11.14758824,12.61764759,2.958823529,19.68235294,16.69,16.85
SND,J,SNDN3J,16,16,8,,0,24,1,1,0,0,1,0,,0,33.44705882,37.75555556,5,85.4,0.375,1,,,,3,3,35.60130719,0.583333333,85.4,0,19.87647588,19.77777778,14.41176476,18.67777778,,
SOX,J,SOXN3J,1,,,,0,1,1,0,1,0,1,,,0,32.55,,5,48.6,1,,,,,3,7,32.55,1,48.6,0,2.6,,13.75,,,
CLA,K,CLAN2K,15,15,9,,0,24,1,1,0,0,1,0,,0,33.7625,35.67,5,13.4,0.4,0.777777778,,,,0,0,34.71625,0.541666667,13.4,0,14.8875,15.87,18.875,19.8,,
HAR,K,HARN2K,14,14,16,16,90,120,0,1,0,1,0,1,,1,34.74666667,34.17647059,5,13.4,0.5,0.5625,37.34583132,0.8,19.400001,2,2,35.42298952,0.733333333,32.800001,1,15.38,15.51176476,19.36666667,18.66475882,18.09230769,19.25352363
HOG,K,HOGN2K,14,14,17,17,90,120,0,1,0,1,0,1,,2,29.85333333,35.32222222,5,13.4,0.142857143,0.588235294,37.18243857,0.8,18.400001,3,4,34.11933138,0.694214876,31.800001,1,1.313333333,15.37222222,19.54,19.95,18.01648352,19.16595505
OSD,K,OSDN1K,14,14,3,,0,17,1,1,0,0,1,0,,0,33.92666667,34.425,5,13.4,0.428571429,0.666666667,,,,0,4,34.17583333,0.470588235,13.4,0,14.8,15.475,19.12666667,18.95,,
SND,K,SNDN2K,14,14,18,18,90,120,0,1,0,1,0,1,,3,29.62,35.06315789,5,13.4,0.142857143,0.555555556,37.18243857,0.8,18.400001,1,4,33.95519882,0.68852459,31.800001,1,1.8,15.18421526,19.54,19.87894737,18.01648352,19.16595505
TWH,K,TWHN1K,14,14,17,,0,31,1,1,0,0,1,0,,0,32.64666667,35.64444444,5,13.4,0.214285714,0.705882353,,,,0,0,34.14555556,0.483870968,13.4,0,12.26666667,16.22222222,2.38,19.62222222,,
TWH,K,TWHN2K,14,14,9,,0,23,1,1,0,0,1,0,,0,33.18666667,36.36,5,25.6,0.142857143,0.888888889,,,,0,0,34.77333333,0.434782609,25.6,0,18.24,17.42,14.94666667,18.94,,
SND,L,SNDN4L,14,14,13,,0,27,1,1,0,0,1,0,,0,33.44666667,34.45714286,5,20.6,0.285714286,0.307692308,,,,2,5,33.95190476,0.296296296,20.6,0,18.95333333,2.85,15.84,14.39285714,,
SOX,L,SOXN1L,13,13,11,,0,24,1,1,0,0,1,0,,0,29.44285714,30.83333333,5,0,0.076923077,0.181818182,,,,5,9,30.13809524,0.125,0,0,8.992857143,11.25833333,2.45,19.575,,
SOX,L,SOXN3L,14,14,15,15,90,119,0,1,0,1,0,1,,2,33.27333333,33.69375,5,19.6,0.285714286,0.266666667,33.493,0.3,169.4,5,9,33.48669444,0.294117647,189,1,18.78666667,19.4125,15.96666667,15.24375,19.12,14.37
SOX,L,SOXN4L,5,,,,0,5,1,0,1,0,1,,,0,37.78333333,,5,83.4,1,,,,,5,9,37.78333333,1,83.4,0,21.35,,15.5,,,
SOX,L,SOXN5L,9,,,,0,9,1,0,1,0,1,,,0,32.62,,5,83.2,0,,,,,5,9,32.62,0,83.2,0,19.15,,13.93,,,
TWH,L,TWHN1L,16,16,12,12,90,118,0,1,0,1,0,1,,2,31.62352941,29.98461538,5,0,0.0625,0.166666667,34.57535495,0.466666667,85,0,0,32.06116658,0.381355932,85,1,9.475882353,1.676923769,22.57647588,19.37692377,17.48131868,17.09371681
EPN,M,EPNN1M,14,14,9,,0,23,1,1,0,0,1,0,,0,29.41333333,30.91,5,6.4,0,0.222222222,,,,0,0,30.16166667,0.086956522,6.4,0,1.246666667,12.95,19.66666667,19.81,,
ICE,M,ICEN1M,14,14,16,,0,30,1,1,0,0,1,0,,0,32.93333333,33.14117647,5,4.8,0.357142857,0.3125,,,,1,1,33.0372549,0.333333333,4.8,0,12.43333333,17.23529412,22.86,17.25294118,,
INF,M,INFN1M,6,,,,0,6,1,0,1,0,1,,,0,30.48571429,,5,6.4,0,,,,,3,7,30.48571429,0,6.4,0,9.4,,2.742857143,,,
INF,M,INFN2M,4,,,,0,4,1,0,1,0,1,,,0,32.84,,5,4.6,0.5,,,,,3,7,32.84,0.5,4.6,0,1.5,,25.36,,,
INF,M,INFN3M,14,14,22,22,90,120,0,1,0,1,0,1,,2,32.70666667,32.9173913,5,4,0.214285714,0.318181818,36.2,0.677777778,37.8,3,7,33.94135266,0.563492063,41.8,1,16.81333333,15.94782687,16.92666667,18.98268696,18.15274725,18.04725275
JBW,M,JBWN1M,4,,,,0,4,1,0,1,0,1,,,0,31.2,,5,6.4,0,,,,,1,4,31.2,0,6.4,0,11.94,,18.78,,,
JBW,M,JBWN3M,8,,,,0,8,1,0,1,0,1,,,0,34.37777778,,5,4,0.375,,,,,1,4,34.37777778,0.375,4,0,17.5,,17.41111111,,,
JBW,M,JBWN4M,13,13,14,14,90,117,0,1,0,1,0,1,,1,35.22142857,36.04,5,20.8,0.692307692,0.642857143,36.69237692,0.644444444,42.4,1,4,35.98460183,0.64957265,63.2,1,17.3,2.8,19.77142857,17.32,18.47802198,17.59120879
HAR,N,HARN2N,16,,,,0,16,1,0,1,0,1,,,0,,,5,,0.8125,,,,,2,5,,0.8125,0,0,2.676475882,,,,,
HLV,N,HLVN1N,14,14,15,15,0,29,1,1,0,1,0,1,,2,35.14,35.14375,5,16.6,0.642857143,0.6,,,,0,0,35.141875,0.620689655,16.6,0,14.94666667,18.2,2.193333333,16.94375,,
INF,N,INFN1N,14,14,14,14,90,118,0,1,0,1,0,1,,2,35.24666667,35.36,5,16.6,0.642857143,0.714285714,36.273,0.588888889,15.6,4,8,35.62655556,0.610169492,32.2,1,14.95333333,17.85333333,2.293333333,17.56666667,20.25,16.02
SND,N,SNDN1N,14,14,15,15,90,119,0,1,0,1,0,1,,2,33.78,36.2625,5,16.6,0.5,0.866666667,35.74615644,0.555555556,15.2,4,7,35.26288548,0.588235294,31.8,1,15.53333333,17.4375,18.93333333,18.825,19.58351648,16.12109912
BMD,P,BMDN1P,15,,,,0,15,1,0,1,0,1,,0,,29.72,,6,0,0.066666667,0,,,,2,9,29.72,0.066666667,0,0,6.75,,23.11875,,,
BMD,P,BMDN3P,14,14,13,13,2,29,1,1,0,1,0,1,1,0,38.53333333,36.88571429,6,0,1,0.846153846,36.567,0.666666667,0,2,9,37.32868254,0.931034483,0,0,18.91351351,19.25,19.57333333,17.63571429,17.92,14.76
JBW,P,JBWN1P,14,14,17,17,90,120,0,1,0,1,0,1,0,,29.87142857,31.44444444,6,0,0.071428571,0.117647059,35.36593466,0.566666667,127.6,3,6,32.22726922,0.446280992,127.6,1,6.333333333,9.983333333,22.96666667,21.28888889,18.00846736,17.3574667
JBW,P,JBWN2P,14,14,3,,0,17,1,1,0,0,1,0,2,1,33.64666667,32.3,6,125,0.142857143,0,,,,3,6,32.97333334,0.117647059,125,0,16.52222222,11.325,15.72666667,2.975,,
OLM,P,OLMN3P,15,15,9,,0,24,1,1,0,0,1,0,2.3,2.3,34.98125,38.47,6,2.6,0.533333333,1,,,,2,3,36.725625,0.708333333,2.6,0,16.36,17.11,19.3125,21.36,,
OLM,P,OLMN4P,14,14,17,17,90,120,0,1,0,1,0,1,3,0,37.18666667,31.68888889,6,12.4,0.714285714,0.235294118,32.82,0.111111111,134.4,2,3,33.89851852,0.198347107,146.8,1,19.22,19.95,17.53333333,11.73888889,15.06530995,14.54728544
OLM,P,OLMN5P,14,,15,15,,,,1,0,1,0,1,0,,32.62,31.69375,6,118.4,0.071428571,0.066666667,,,,,,32.156875,,118.4,,17.58,18.98125,15.4,12.7125,,
SND,P,SNDN1P,16,16,9,,0,25,1,1,0,0,1,0,2,0,30.92941176,35.82,6,2.6,0.125,0.555555556,,,,5,8,33.37470588,0.28,2.6,0,1.779119238,14.2571,21.75882353,21.489429,,
SND,P,SNDN2P,13,13,5,,0,18,1,1,0,0,1,0,0,,35.72142857,39.88333333,6,29.8,0.692307692,1,,,,5,8,37.80238095,0.777777778,29.8,0,16.98421526,18.2,19.71428571,21.68333333,,
SND,P,SNDN3P,4,,,,0,4,1,0,1,0,1,,0,,39,,6,60,1,0,,,,5,8,39,1,60,0,2.8,,18.2,,,
JBW,Q,JBWN4Q,15,,,,0,15,1,0,1,0,1,,,,35.45,,6,28.4,0.666666667,0,,,,3,7,35.45,0.666666667,28.4,0,14.7,,2.75,,,
MLT,Q,MLTN3Q,1,,,,0,10,1,0,1,0,1,,,,37.08181818,,6,28.4,0.9,0,,,,4,4,37.08181818,0.9,28.4,0,16.5,,2.581818182,,,
OLM,Q,OLMN1Q,14,14,15,15,90,119,0,1,0,1,0,1,,1,30.08666667,34.725,6,25,0.142857143,0.533333333,35.62637363,0.344827586,42.6,3,4,33.47934677,0.168067227,67.6,1,8.326666667,14.68125,21.76,2.4375,16.68021978,18.94615385
HAR,C,HARN1C,14,14,15,15,90,119,0,1,0,1,0,1,,2,33.94666667,28.35,6,0.2,0.071428571,0,35.7395644,0.588888889,57,0,1,32.67874369,0.453781513,57.2,1,13.66666667,9.1625,2.88,19.24375,15.7010989,20.03846154
OSD,C,OSDN1C,14,14,16,16,90,120,0,1,0,1,0,1,,3,28.5,31.35882353,6,0.2,0,0.0625,36.31989199,0.711111111,99,2,2,32.05957184,0.541666667,99.2,1,9.666666667,13.39411765,19.43333333,17.96475882,16.43736264,19.87362637
OSD,C,OSDN2C,14,14,17,17,90,120,0,1,0,1,0,1,,2,35.52666667,35.75,6,8.2,0.714285714,0.647058824,35.18219782,0.6,298.7,2,2,35.48628816,0.619834711,306.9,1,18.96,17.11666667,16.56666667,18.63333333,18.56043956,16.61978022
OSD,C,OSDN3C,14,14,15,15,90,119,0,1,0,1,0,1,,3,35.09333333,32.10625,6,50.9,0.642857143,0.2,28.97142857,0.111111111,178.48,2,2,32.05700397,0.18487395,229.38,1,22.34666667,2.125,12.74666667,11.98125,13.57142857,15.4
TPT,C,TPTN3C,16,16,15,15,90,120,0,1,0,1,0,1,,3,35.14117647,32.10625,6,50.9,0.625,0.2,28.97142857,0.111111111,178.48,1,2,32.07295168,0.190082645,229.38,1,22.42352941,2.125,12.71764759,11.98125,13.57142857,15.4
TPT,C,TPTN4C,13,13,17,17,90,120,0,1,0,1,0,1,,3,30.61428571,29.53333333,6,98.3,0.076923077,0,22.87912879,0,55.33,1,2,27.67558261,0.008333333,153.63,1,18.4,13.61666667,12.21428571,15.91666667,3.604395604,18.48351648
XHO,C,XHON1C,14,14,15,15,90,119,0,1,0,1,0,1,,2,33.67333333,28.71875,6,0.2,0.071428571,0,35.76593466,0.577777778,57,0,0,32.71933933,0.445378151,57.2,1,12.59333333,8.91875,21.8,19.8,15.59120879,20.11538462
CLA,D,CLAN1D,14,14,14,14,90,118,0,1,0,1,0,1,,3,33.86,32.16,6,11.4,0.642857143,0.285714286,36.239,0.688888889,19.4,0,0,34.08633333,0.63559322,30.8,1,16.22,14.36666667,17.64,17.79333333,18.52,17.71
HOG,D,HOGN3D,13,13,10,,0,23,1,1,0,0,1,0,,0,37.82142857,38.30909091,6,68.2,0.846153846,1,,,,0,2,38.06525974,0.913043478,68.2,0,16.89285714,2.763636364,2.928571429,17.54545455,,
HOG,D,HOGN4D,3,,,,0,3,1,0,1,0,1,,,0,37.125,,6,11.6,1,,,,,0,2,37.125,1,11.6,0,19.25,,17.875,,,
SOX,D,SOXN1D,15,15,9,,0,24,1,1,0,0,1,0,,0,35.375,30.54,6,47.2,0.733333333,0,,,,2,2,32.9575,0.458333333,47.2,0,17.9375,13.6,18.28125,17.48,,
SOX,D,SOXN2D,13,13,16,16,61,90,1,1,0,1,0,1,,2,31.40714286,37.97058824,6,64.8,0.307692308,0.875,37.424,0.822580645,24,2,2,35.60057703,0.766666667,88.8,0,14.68571429,17.88235294,16.72142857,2.882352941,19.29,17.35
OSD,E,OSDN2E,15,15,14,14,90,119,0,1,0,1,0,1,,4,33.1625,32.74,6,82.2,0.333333333,0.071428571,38.77142857,0.855555556,198.1,4,4,34.89130952,0.697478992,280.3,1,16.51875,17.73333333,16.64375,15.66666667,20.28681319,18.48461538
OSD,E,OSDN3E,14,14,12,,0,26,1,1,0,0,1,0,,0,34.52,31.44615385,6,106.4,0.5,0,,,,4,4,32.98307692,0.269230769,106.4,0,19.81333333,19.29237692,14.76666667,12.15384615,,
OSD,E,OSDN4E,15,15,17,17,90,120,0,1,0,1,0,1,,4,34.30625,35.21666667,6,130.4,0.333333333,0.529411765,28.84,0.022222222,113.6,4,4,32.78763889,0.131147541,244,1,2.8125,19.94444444,13.49375,15.27222222,13.29,15.55
RNB,E,RNBN7E,14,14,18,18,48,80,1,1,0,1,0,1,,1,30.19333333,34.56315789,6,0,0.071428571,0.444444444,34.794,0.673469388,95,0,1,33.18349708,0.525,95,0,1.766666667,15.94215263,19.42666667,18.62152632,19.14,16.43
RNB,F,RNBN2F,14,14,17,17,90,120,0,1,0,1,0,1,,4,35.08,35.64444444,6,24.2,0.5,0.588235294,37.51832377,0.755555556,137.4,0,1,36.08092274,0.702479339,161.6,1,19.66,21.88888889,15.42,13.75555556,19.1989011,18.31942198
SOX,F,SOXN1F,7,,,,0,7,1,0,1,0,1,,,0,34.0875,,6,24.2,0.571428571,,,,,4,4,34.0875,0.571428571,24.2,0,14.25,,2.625,,,
SOX,F,SOXN2F,6,,,,0,6,1,0,1,0,1,,,0,37.04285714,,6,66,1,,,,,4,4,37.04285714,1,66,0,21.74285714,,15.3,,,
XHO,E,XHON6E,14,14,7,,0,21,1,1,0,0,1,0,,0,34.18,32.9125,6,0,0.571428571,0.142857143,,,,0,3,33.54625,0.428571429,0,0,14.13333333,16.8875,2.166666667,16.25,,
XHO,F,XHON1F,14,14,14,14,90,118,0,1,0,1,0,1,,3,33.95333333,35.08,6,18.8,0.285714286,0.5,34.751,0.5,187,0,3,34.59477778,0.474576271,205.8,1,15.65333333,19.66,18.3,15.42,20.35,14.4
OSD,F,OSDN4F,14,14,15,15,2,31,1,1,0,1,0,1,,2,30.38666667,,6,1.8,0.071428571,,,0,0,1,6,30.38666667,0.032258065,1.8,0,14.45333333,1.4625,15.93333333,,,
OSD,G,OSDN3G,2,,,,0,2,1,0,1,0,1,,,0,41.13333333,,6,66.8,1,,,,,1,6,41.13333333,1,66.8,0,2.133333333,,21,,,
OSD,G,OSDN5G,15,15,16,16,90,120,0,1,0,1,0,1,,3,34.425,33.82352941,6,95,0.6,0.3125,28.9,0.077777778,20.4,1,6,32.38284314,0.173553719,115.4,1,19.6,19.77588235,14.825,14.52941176,11.39,17.51
SHA,G,SHAN1G,16,16,14,14,5,35,1,1,0,1,0,1,,1,,,6,14.6,,,36.767,0.666666667,0,2,2,36.767,0.114285714,14.6,0,8.276475882,4.2,,,19.38,18.08
SOX,H,SOXN1H,14,14,16,16,1,31,1,1,0,1,0,1,,1,32.01333333,32.28823529,6,0,0.285714286,0.3125,27.65,0,0,2,6,30.65052288,0.290322581,0,0,13.46666667,12.58823529,18.96666667,2.229411765,18.42,15.91
SOX,H,SOXN2H,14,14,17,17,90,120,0,1,0,1,0,1,,3,35.92,36.06666667,6,0,0.714285714,0.705882353,34.73296733,0.677777778,242.6,2,6,35.57321133,0.685950413,242.6,1,16.96666667,19.61111111,18.95333333,17.55555556,19.43406593,15.26923077
HAR,J,HARN1J,14,14,14,14,90,118,0,1,0,1,0,1,,1,30.72,31.28,6,2.4,0.214285714,0.214285714,33.85,0.377777778,129.4,0,1,31.95,0.338983051,131.8,1,12.16666667,1.233333333,18.61333333,2.46,18.03,15.82
HAR,J,HARN2J,14,14,15,15,90,119,0,1,0,1,0,1,,3,36.7,34.60625,6,44.6,0.928571429,0.533333333,32.136,0.2889,130.6,0,1,34.48075,0.394957983,175.2,1,2.253333333,19.23125,16.5,15.2,16.15,15.95
OSD,J,OSDN1J,14,14,19,19,90,120,0,1,0,1,0,1,,3,30.05333333,31.93,6,0,0.071428571,0.315789474,35.16936165,0.555555556,94.600041,3,8,32.38423166,0.463414634,94.600041,1,1.173333333,1.535,19.88,21.395,16.12527473,19.04408692
RNB,J,RNBN1J,14,14,16,16,90,120,0,1,0,1,0,1,,3,32.41333333,30.99411765,6,2.4,0.357142857,0.25,35.55733132,0.577777778,135.200031,0,3,32.98826077,0.508333333,137.600031,1,11.66666667,11.65882353,2.866666667,19.38823529,17.06593407,18.49139725
BMD,K,BMDN1K,15,15,14,14,78,107,1,1,0,1,0,1,,1,33.7625,34.40666667,6,13.4,0.4,0.571428571,35.46,0.518987342,16.6,0,3,34.54305556,0.514018692,30,0,14.8875,14.2,18.875,2.266666667,18.07,17.05
DTF,K,DTFN1K,14,14,17,17,90,120,0,1,0,1,0,1,,3,29.84666667,34.11666667,6,13.9,0.142857143,0.470588235,37.15153297,0.788888889,18.400001,0,3,33.70495543,0.669421488,32.300001,1,1.966666667,14.78333333,18.94,19.33333333,17.7989011,19.3062522
DTF,K,DTFN2K,16,,,,0,16,1,0,1,0,1,,,0,34.79411765,,6,12.2,0.375,,,,,0,3,34.79411765,0.375,12.2,0,18.27647588,,16.51764759,,,
RNB,K,RNBN1K,14,14,15,15,2,31,1,1,0,1,0,1,,2,29.66666667,34.03125,6,0.5,0.071428571,0.466666667,33.2,0.333333333,3.2,1,4,32.29930556,0.290322581,3.7,0,11.15333333,14.69375,18.51333333,19.3375,17.69,17.18
SOX,K,SOXN2K,9,,,,0,9,1,0,1,0,1,,,0,33.92,,6,17.2,0.555555556,,,,,4,8,33.92,0.555555556,17.2,0,13.95,,19.97,,,
SND,L,SNDN2L,14,14,16,,0,30,1,1,0,0,1,0,,0,30.41333333,34.43529412,6,0,0.142857143,0.5625,,,,2,5,32.42431373,0.366666667,0,0,1.58,13.95882353,19.83333333,2.441176476,,
OLM,M,OLMN1M,14,14,15,15,90,119,0,1,0,1,0,1,,3,32.00666667,33.1125,6,4.8,0.357142857,0.266666667,35.47692377,0.588888889,38,0,1,33.53203015,0.521008403,42.8,1,12.86666667,16.6875,22.31333333,17.575,17.25604396,18.15164835
JBW,N,JBWN1N,17,17,6,,0,23,1,1,0,0,1,0,,0,36.23888889,31.91428571,6,16.4,0.882352941,0.166666667,,,,2,5,34.0765873,0.695652174,16.4,0,17.68888889,14.71428571,18.55,17.84285714,,
RNB,N,RNBN2N,14,14,16,16,90,120,0,1,0,1,0,1,,2,34.6,33.46470588,6,12.6,0.571428571,0.3125,36.89769238,0.7,26,4,7,34.98746609,0.633333333,38.6,1,16.26666667,14.73529412,18.33333333,18.11764759,21.37142857,15.52618066
OLM,P,OLMN1P,14,14,3,,0,17,1,1,0,0,1,0,2.3,0,30.52666667,30.975,7,0,0.142857143,0,,,,2,3,30.75083334,0.117647059,0,0,8.9,14.875,23.6,16.1,,
OLM,P,OLMN2P,3,,,,0,3,1,0,1,0,1,,1,1,37.45,,7,0.2,1,0,,,,2,3,37.45,1,0.2,0,17.53211,,19.91789,,,
JBW,Q,JBWN2Q,14,14,13,13,3,30,1,1,0,1,0,1,,1,30.83333333,34.62142857,7,25,0.142857143,0.538461538,35.6,0.5,0,3,7,33.68492063,0.366666667,25,0,9.2,14.9,21.81333333,19.72142857,15.87,19.31
OLM,R,OLMN1R,5,,,,0,5,1,0,1,0,1,,,,37.3,,7,1.2,0.8,0,,,,4,5,37.3,0.8,1.2,0,13.33333333,,23.31666667,,,
OLM,R,OLMN2R,15,,,,0,15,1,0,1,0,1,,,,37.77857143,,7,14.4,0.866666667,0,,,,4,5,37.77857143,0.866666667,14.4,0,18.175,,19.175,,,
TPT,C,TPTN1C,13,13,17,17,90,120,0,1,0,1,0,1,,3,29.75714286,30.78888889,7,0.2,0.076923077,0.058823529,36.21287913,0.688888889,99,1,2,32.25297029,0.533333333,99.2,1,9.564285714,12.94444444,2.192857143,17.84444444,16.26153846,19.95054945
HOG,D,HOGN1D,5,,,,0,5,1,0,1,0,1,,,0,29.56666667,,7,0,0.4,,,,,0,2,29.56666667,0.4,0,0,12.51666667,,17.5,,,
HOG,D,HOGN2D,14,14,14,,0,28,1,1,0,0,1,0,,0,34.53333333,29.12,7,49.2,0.642857143,0,,,,0,2,31.82666667,0.321428571,49.2,0,16.36,11.13333333,18.17333333,17.98666667,,
XHO,D,XHON1D,14,14,16,16,90,120,0,1,0,1,0,1,,1,35.52666667,29.6,7,48.4,0.785714286,0,39.4395644,0.877777778,98,0,0,34.85541035,0.75,146.4,1,17.8,11.26475882,18.44666667,18.33529412,19.32637363,20.11318681
OSD,E,OSDN1E,14,14,17,17,90,120,0,1,0,1,0,1,,2,33.33333333,29.65555556,7,12.4,0.285714286,0,37.46263736,0.822222222,196.2,4,4,33.48384208,0.644628099,208.6,1,17.2,15.66666667,16.13333333,13.98888889,19.26263736,18.57472527
RNB,E,RNBN6E,11,,,,0,11,1,0,1,0,1,,,0,26.6,,7,0,0,,,,,0,0,26.6,0,0,0,7.983333333,,18.61666667,,,
OSD,F,OSDN2F,14,14,17,17,90,120,0,1,0,1,0,1,,2,35.92,36.72777778,7,66,0.714285714,0.823529412,32.962,0.222222222,190.6,0,5,35.20325926,0.363636364,256.6,1,22.18666667,17.16666667,13.73333333,19.71111111,19.23,13.73
SOX,E,SOXN7E,16,16,15,15,90,120,0,1,0,1,0,1,,3,29.19411765,34.8,7,0,0.0625,0.533333333,39.37362637,0.888888889,107.3,0,4,34.45591467,0.73553719,107.3,1,1.294117648,14.35625,19.16475882,2.44375,18.56373626,20.47362637
OSD,G,OSDN1G,12,12,15,15,27,54,1,1,0,1,0,1,,1,,,7,15,,,38.889,0.807692308,49.8,1,6,38.889,0.388888889,64.8,0,,11.9875,,,19.36,17.85
OSD,H,OSDN4H,,,,,,,,0,1,0,1,,,0,,,7,,,,,,,,,,,0,,21.4125,,,,,
OSD,H,OSDN5H,15,,,,0,15,1,0,1,0,1,,,0,32.5375,,7,1.8,0.133333333,,,,,2,7,32.5375,0.133333333,1.8,0,19.94375,,12.59375,,,
OSD,H,OSDN6H,14,14,11,11,1,26,1,1,0,1,0,1,,1,32.51333333,32.98333333,7,2,0.285714286,0,36,0.5,0,2,7,33.83222222,0.192307692,2,0,18.37333333,18.39166667,14.14,14.59166667,8.85,17.01
OSD,H,OSDN8H,3,,,,0,3,1,0,1,0,1,,,0,27.375,,7,3.6,0,,,,,2,7,27.375,0,3.6,0,14.125,,13.25,,,
OSD,H,OSDN9H,,,,,,,,0,1,0,1,,,0,,,7,3.8,,,,,,,,,,3.8,,,,,,,
RNB,H,RNBN2H,7,,,,0,7,1,0,1,0,1,,,0,34.225,,7,0,0.571428571,,,,,2,3,34.225,0.571428571,0,0,13.4625,,2.7625,,,
RNB,H,RNBN4H,14,14,13,,0,27,1,1,0,0,1,0,,0,35.89333333,35.82857143,7,0,0.714285714,0.692307692,,,,2,3,35.86095238,0.703703704,0,0,17.69333333,19.71428571,18.2,16.11428571,,
RNB,H,RNBN5H,11,,,,0,11,1,0,1,0,1,,,0,32.88333333,,7,0.6,0.090909091,,,,,2,3,32.88333333,0.090909091,0.6,0,19.38333333,,13.575,,,
RNB,H,RNBN6H,14,14,16,16,90,120,0,1,0,1,0,1,,3,32.54666667,32.25294118,7,1.8,0.071428571,0.125,,0.13333,4.2,2,3,32.39980392,0.125,6,1,2.493333333,2.129411765,12.53333333,12.12352941,15.04,15.48
SND,H,SNDN1H,14,14,15,15,90,119,0,1,0,1,0,1,,1,29.97333333,32.58125,7,0,0.071428571,0.333333333,37.36593466,0.766666667,229,2,2,33.30683933,0.630252101,229,1,1.4,12.95625,19.93333333,19.625,19.82087912,17.48571429
SND,H,SNDN2H,14,14,7,,0,21,1,1,0,0,1,0,,0,36.4,35,7,0,0.785714286,0.714285714,,,,2,2,35.7,0.761904762,0,0,17.69333333,19.4375,18.76666667,15.5625,,
SND,H,SNDN4H,15,15,15,15,90,120,0,1,0,1,0,1,,2,34.0375,32.3375,7,1.8,0.2,0.066666667,31.68241758,0.377777778,113.2,2,2,32.68580586,0.316666667,115,1,2.825,2.29375,13.2125,12.4375,15.92307692,15.75934066
DTF,J,DTFN3J,5,,,,0,5,1,0,1,0,1,,,0,30.91666667,,7,23.6,0,,,,,2,2,30.91666667,0,23.6,0,16.51666667,,15.61666667,,,
DTF,J,DTFN4J,13,13,15,15,2,30,1,1,0,1,0,1,,2,34.9,36.8125,7,44,0.461538462,0.933333333,35.333,0.333333333,0,2,2,35.68183333,0.7,44,0,18.52857143,2.85,16.19285714,16.1625,17.04,15.79
HOG,J,HOGN1J,14,14,16,16,90,120,0,1,0,1,0,1,,3,30.72,31.98823529,7,2.4,0.214285714,0.3125,35.71468637,0.588888889,160.200026,2,3,32.80764056,0.508333333,162.600026,1,12.16666667,1.647588235,18.61333333,2.482352941,17.99230769,17.72237868
OLM,N,OLMN1N,14,14,14,14,90,118,0,1,0,1,0,1,,3,35.19333333,34.86666667,7,16.6,0.642857143,0.571428571,36.16891769,0.6,22.4,1,2,35.40963923,0.601694915,39,1,15.66666667,18.22666667,2.186666667,16.64,20.23406593,15.93484484
TPT,D,TPTN1D,15,15,18,18,36,69,1,1,0,1,0,1,,1,29.6625,33.35789474,8,0.4,0.2,0.611111111,32.927,0.351351351,19,2,3,31.98246491,0.391304348,19.4,0,8.375,16.49473684,21.2875,16.86315789,17.49,18.06
TPT,D,TPTN2D,15,15,15,15,23,53,1,1,0,1,0,1,,2,30.8125,33.08125,8,54.8,0.066666667,0.466666667,38.275,0.833333333,1,2,3,34.05625,0.528301887,55.8,0,13.3125,15.95,17.78125,17.13125,19.29,17.83
OSD,F,OSDN1F,14,14,14,,0,28,1,1,0,0,1,0,,0,33.61333333,34.45333333,8,0,0.214285714,0.357142857,,,,5,5,34.03333333,0.285714286,0,0,15.79333333,15.55333333,17.82,18.9,,
OSD,F,OSDN3F,14,14,15,15,90,119,0,1,0,1,0,1,,2,30.40666667,32.93125,8,163.4,0,0,29.36634659,0.166666667,16.2,0,5,30.90142109,0.12605042,179.6,1,18.46,15.54375,11.94666667,17.3875,6.927472527,15.10145495
OSD,H,OSDN2H,16,16,14,14,90,120,0,1,0,1,0,1,,2,31.76470588,32.98666667,8,0,0.3125,0.214285714,34.437,0.355555556,2.4,2,7,33.06279085,0.333333333,2.4,1,12.68823529,15.38666667,19.76475882,17.6,19.47,14.97
DTF,J,DTFN1J,14,14,15,15,90,119,0,1,0,1,0,1,,1,30.72666667,32.45625,8,0,0.071428571,0.333333333,33.69,0.388888889,48.6,2,2,32.29097222,0.344537815,48.6,1,1.566666667,11.3875,2.22,21.6875,16.14,17.47
DTF,J,DTFN2J,14,14,7,,0,21,1,1,0,0,1,0,,0,33.37333333,31.2,8,2.4,0.428571429,0,,,,2,2,32.28666667,0.285714286,2.4,0,14.86666667,12.2875,18.82,17.8875,,
OSD,J,OSDN3J,15,15,13,13,90,118,0,1,0,1,0,1,,1,35.5,36.78571429,8,44,0.533333333,0.923076923,33.26845644,0.377777778,96.199983,3,8,35.18472358,0.457627119,140.199983,1,18.99375,2.7,16.35,16.25,17.14505495,16.12335066
